Code Domaine,Domaine,Code zone (M49),Zone,Code Élément,Élément,Code Produit,Produit,Code année,Année,Unité,Valeur,Symbole,Description du Symbole,Note
"MK","Indicateurs macro","004","Afghanistan","6110","Valeur US $","22008","Produit Intérieur Brut","2018","2018","Millions d’USD","18418.8483","X","Ciffre de sources internationales",""
"MK","Indicateurs macro","004","Afghanistan","6119","Valeur US $ par habitant","22008","Produit Intérieur Brut","2018","2018","US$","502.056771","X","Ciffre de sources internationales",""
"MK","Indicateurs macro","710","Afrique du Sud","6110","Valeur US $","22008","Produit Intérieur Brut","2018","2018","Millions d’USD","403945.6863","X","Ciffre de sources internationales",""
"MK","Indicateurs macro","710","Afrique du Sud","6119","Valeur US $ par habitant","22008","Produit Intérieur Brut","2018","2018","US$","7044.789983","X","Ciffre de sources internationales",""
"MK","Indicateurs macro","008","Albanie","6110","Valeur US $","22008","Produit Intérieur Brut","2018","2018","Millions d’USD","15156.43997","X","Ciffre de sources internationales",""
"MK","Indicateurs macro","008","Albanie","6119","Valeur US $ par habitant","22008","Produit Intérieur Brut","2018","2018","US$","5268.116609","X","Ciffre de sources internationales",""
"MK","Indicateurs macro","012","Algérie","6110","Valeur US $","22008","Produit Intérieur Brut","2018","2018","Millions d’USD","174910.8946","X","Ciffre de sources internationales",""
"MK","Indicateurs macro","012","Algérie","6119","Valeur US $ par habitant","22008","Produit Intérieur Brut","2018","2018","US$","4171.795392","X","Ciffre de sources internationales",""
"MK","Indicateurs macro","276","Allemagne","6110","Valeur US $","22008","Produit Intérieur Brut","2018","2018","Millions d’USD","3974443.355","X","Ciffre de sources internationales",""
"MK","Indicateurs macro","276","Allemagne","6119","Valeur US $ par habitant","22008","Produit Intérieur Brut","2018","2018","US$","47944.532735","X","Ciffre de sources internationales",""
"MK","Indicateurs macro","020","Andorre","6110","Valeur US $","22008","Produit Intérieur Brut","2018","2018","Millions d’USD","3218.419456","X","Ciffre de sources internationales",""
"MK","Indicateurs macro","020","Andorre","6119","Valeur US $ par habitant","22008","Produit Intérieur Brut","2018","2018","US$","42904.822577","X","Ciffre de sources internationales",""
"MK","Indicateurs macro","024","Angola","6110","Valeur US $","22008","Produit Intérieur Brut","2018","2018","Millions d’USD","101353.2117","X","Ciffre de sources internationales",""
"MK","Indicateurs macro","024","Angola","6119","Valeur US $ par habitant","22008","Produit Intérieur Brut","2018","2018","US$","3240.862224","X","Ciffre de sources internationales",""
"MK","Indicateurs macro","660","Anguilla","6110","Valeur US $","22008","Produit Intérieur Brut","2018","2018","Millions d’USD","322.455556","X","Ciffre de sources internationales",""
"MK","Indicateurs macro","660","Anguilla","6119","Valeur US $ par habitant","22008","Produit Intérieur Brut","2018","2018","US$","21240.732205","X","Ciffre de sources internationales",""
"MK","Indicateurs macro","028","Antigua-et-Barbuda","6110","Valeur US $","22008","Produit Intérieur Brut","2018","2018","Millions d’USD","1605.944444","X","Ciffre de sources internationales",""
"MK","Indicateurs macro","028","Antigua-et-Barbuda","6119","Valeur US $ par habitant","22008","Produit Intérieur Brut","2018","2018","US$","17527.169624","X","Ciffre de sources internationales",""
"MK","Indicateurs macro","682","Arabie saoudite","6110","Valeur US $","22008","Produit Intérieur Brut","2018","2018","Millions d’USD","816578.6745","X","Ciffre de sources internationales",""
"MK","Indicateurs macro","682","Arabie saoudite","6119","Valeur US $ par habitant","22008","Produit Intérieur Brut","2018","2018","US$","23318.738166","X","Ciffre de sources internationales",""
"MK","Indicateurs macro","032","Argentine","6110","Valeur US $","22008","Produit Intérieur Brut","2018","2018","Millions d’USD","524819.8986","X","Ciffre de sources internationales",""
"MK","Indicateurs macro","032","Argentine","6119","Valeur US $ par habitant","22008","Produit Intérieur Brut","2018","2018","US$","11816.649537","X","Ciffre de sources internationales",""
"MK","Indicateurs macro","051","Arménie","6110","Valeur US $","22008","Produit Intérieur Brut","2018","2018","Millions d’USD","12457.94071","X","Ciffre de sources internationales",""
"MK","Indicateurs macro","051","Arménie","6119","Valeur US $ par habitant","22008","Produit Intérieur Brut","2018","2018","US$","4391.923275","X","Ciffre de sources internationales",""
"MK","Indicateurs macro","533","Aruba","6110","Valeur US $","22008","Produit Intérieur Brut","2018","2018","Millions d’USD","3202.189944","X","Ciffre de sources internationales",""
"MK","Indicateurs macro","533","Aruba","6119","Valeur US $ par habitant","22008","Produit Intérieur Brut","2018","2018","US$","30220.172741","X","Ciffre de sources internationales",""
"MK","Indicateurs macro","036","Australie","6110","Valeur US $","22008","Produit Intérieur Brut","2018","2018","Millions d’USD","1454419.706","X","Ciffre de sources internationales",""
"MK","Indicateurs macro","036","Australie","6119","Valeur US $ par habitant","22008","Produit Intérieur Brut","2018","2018","US$","58225.161704","X","Ciffre de sources internationales",""
"MK","Indicateurs macro","040","Autriche","6110","Valeur US $","22008","Produit Intérieur Brut","2018","2018","Millions d’USD","454991.1741","X","Ciffre de sources internationales",""
"MK","Indicateurs macro","040","Autriche","6119","Valeur US $ par habitant","22008","Produit Intérieur Brut","2018","2018","US$","51466.603137","X","Ciffre de sources internationales",""
"MK","Indicateurs macro","031","Azerbaïdjan","6110","Valeur US $","22008","Produit Intérieur Brut","2018","2018","Millions d’USD","47112.47929","X","Ciffre de sources internationales",""
"MK","Indicateurs macro","031","Azerbaïdjan","6119","Valeur US $ par habitant","22008","Produit Intérieur Brut","2018","2018","US$","4640.470544","X","Ciffre de sources internationales",""
"MK","Indicateurs macro","044","Bahamas","6110","Valeur US $","22008","Produit Intérieur Brut","2018","2018","Millions d’USD","12755.8","X","Ciffre de sources internationales",""
"MK","Indicateurs macro","044","Bahamas","6119","Valeur US $ par habitant","22008","Produit Intérieur Brut","2018","2018","US$","31738.267157","X","Ciffre de sources internationales",""
"MK","Indicateurs macro","048","Bahreïn","6110","Valeur US $","22008","Produit Intérieur Brut","2018","2018","Millions d’USD","37801.8617","X","Ciffre de sources internationales",""
"MK","Indicateurs macro","048","Bahreïn","6119","Valeur US $ par habitant","22008","Produit Intérieur Brut","2018","2018","US$","25415.750064","X","Ciffre de sources internationales",""
"MK","Indicateurs macro","050","Bangladesh","6110","Valeur US $","22008","Produit Intérieur Brut","2018","2018","Millions d’USD","316205.585","X","Ciffre de sources internationales",""
"MK","Indicateurs macro","050","Bangladesh","6119","Valeur US $ par habitant","22008","Produit Intérieur Brut","2018","2018","US$","1931.80559","X","Ciffre de sources internationales",""
"MK","Indicateurs macro","052","Barbade","6110","Valeur US $","22008","Produit Intérieur Brut","2018","2018","Millions d’USD","5097.2825","X","Ciffre de sources internationales",""
"MK","Indicateurs macro","052","Barbade","6119","Valeur US $ par habitant","22008","Produit Intérieur Brut","2018","2018","US$","18224.88809","X","Ciffre de sources internationales",""
"MK","Indicateurs macro","112","Bélarus","6110","Valeur US $","22008","Produit Intérieur Brut","2018","2018","Millions d’USD","60031.0359","X","Ciffre de sources internationales",""
"MK","Indicateurs macro","112","Bélarus","6119","Valeur US $ par habitant","22008","Produit Intérieur Brut","2018","2018","US$","6191.591741","X","Ciffre de sources internationales",""
"MK","Indicateurs macro","056","Belgique","6110","Valeur US $","22008","Produit Intérieur Brut","2018","2018","Millions d’USD","543299.067","X","Ciffre de sources internationales",""
"MK","Indicateurs macro","056","Belgique","6119","Valeur US $ par habitant","22008","Produit Intérieur Brut","2018","2018","US$","47455.52332","X","Ciffre de sources internationales",""
"MK","Indicateurs macro","084","Belize","6110","Valeur US $","22008","Produit Intérieur Brut","2018","2018","Millions d’USD","2315.030002","X","Ciffre de sources internationales",""
"MK","Indicateurs macro","084","Belize","6119","Valeur US $ par habitant","22008","Produit Intérieur Brut","2018","2018","US$","6059.241079","X","Ciffre de sources internationales",""
"MK","Indicateurs macro","204","Bénin","6110","Valeur US $","22008","Produit Intérieur Brut","2018","2018","Millions d’USD","14262.40808","X","Ciffre de sources internationales",""
"MK","Indicateurs macro","204","Bénin","6119","Valeur US $ par habitant","22008","Produit Intérieur Brut","2018","2018","US$","1194.438214","X","Ciffre de sources internationales",""
"MK","Indicateurs macro","060","Bermudes","6110","Valeur US $","22008","Produit Intérieur Brut","2018","2018","Millions d’USD","7225.974","X","Ciffre de sources internationales",""
"MK","Indicateurs macro","060","Bermudes","6119","Valeur US $ par habitant","22008","Produit Intérieur Brut","2018","2018","US$","113667.773041","X","Ciffre de sources internationales",""
"MK","Indicateurs macro","064","Bhoutan","6110","Valeur US $","22008","Produit Intérieur Brut","2018","2018","Millions d’USD","2446.867538","X","Ciffre de sources internationales",""
"MK","Indicateurs macro","064","Bhoutan","6119","Valeur US $ par habitant","22008","Produit Intérieur Brut","2018","2018","US$","3210.707756","X","Ciffre de sources internationales",""
"MK","Indicateurs macro","068","Bolivie (État plurinational de)","6110","Valeur US $","22008","Produit Intérieur Brut","2018","2018","Millions d’USD","40287.64793","X","Ciffre de sources internationales",""
"MK","Indicateurs macro","068","Bolivie (État plurinational de)","6119","Valeur US $ par habitant","22008","Produit Intérieur Brut","2018","2018","US$","3471.006951","X","Ciffre de sources internationales",""
"MK","Indicateurs macro","070","Bosnie-Herzégovine","6110","Valeur US $","22008","Produit Intérieur Brut","2018","2018","Millions d’USD","20183.68819","X","Ciffre de sources internationales",""
"MK","Indicateurs macro","070","Bosnie-Herzégovine","6119","Valeur US $ par habitant","22008","Produit Intérieur Brut","2018","2018","US$","5936.153655","X","Ciffre de sources internationales",""
"MK","Indicateurs macro","072","Botswana","6110","Valeur US $","22008","Produit Intérieur Brut","2018","2018","Millions d’USD","17031.94371","X","Ciffre de sources internationales",""
"MK","Indicateurs macro","072","Botswana","6119","Valeur US $ par habitant","22008","Produit Intérieur Brut","2018","2018","US$","6947.818055","X","Ciffre de sources internationales",""
"MK","Indicateurs macro","076","Brésil","6110","Valeur US $","22008","Produit Intérieur Brut","2018","2018","Millions d’USD","1916933.708","X","Ciffre de sources internationales",""
"MK","Indicateurs macro","076","Brésil","6119","Valeur US $ par habitant","22008","Produit Intérieur Brut","2018","2018","US$","9121.020091","X","Ciffre de sources internationales",""
"MK","Indicateurs macro","096","Brunéi Darussalam","6110","Valeur US $","22008","Produit Intérieur Brut","2018","2018","Millions d’USD","13566.91277","X","Ciffre de sources internationales",""
"MK","Indicateurs macro","096","Brunéi Darussalam","6119","Valeur US $ par habitant","22008","Produit Intérieur Brut","2018","2018","US$","31240.444443","X","Ciffre de sources internationales",""
"MK","Indicateurs macro","100","Bulgarie","6110","Valeur US $","22008","Produit Intérieur Brut","2018","2018","Millions d’USD","66361.87986","X","Ciffre de sources internationales",""
"MK","Indicateurs macro","100","Bulgarie","6119","Valeur US $ par habitant","22008","Produit Intérieur Brut","2018","2018","US$","9323.852927","X","Ciffre de sources internationales",""
"MK","Indicateurs macro","854","Burkina Faso","6110","Valeur US $","22008","Produit Intérieur Brut","2018","2018","Millions d’USD","15890.06621","X","Ciffre de sources internationales",""
"MK","Indicateurs macro","854","Burkina Faso","6119","Valeur US $ par habitant","22008","Produit Intérieur Brut","2018","2018","US$","779.202768","X","Ciffre de sources internationales",""
"MK","Indicateurs macro","108","Burundi","6110","Valeur US $","22008","Produit Intérieur Brut","2018","2018","Millions d’USD","3317.319375","X","Ciffre de sources internationales",""
"MK","Indicateurs macro","108","Burundi","6119","Valeur US $ par habitant","22008","Produit Intérieur Brut","2018","2018","US$","288.626394","X","Ciffre de sources internationales",""
"MK","Indicateurs macro","132","Cabo Verde","6110","Valeur US $","22008","Produit Intérieur Brut","2018","2018","Millions d’USD","1966.501562","X","Ciffre de sources internationales",""
"MK","Indicateurs macro","132","Cabo Verde","6119","Valeur US $ par habitant","22008","Produit Intérieur Brut","2018","2018","US$","3442.742781","X","Ciffre de sources internationales",""
"MK","Indicateurs macro","116","Cambodge","6110","Valeur US $","22008","Produit Intérieur Brut","2018","2018","Millions d’USD","24571.75358","X","Ciffre de sources internationales",""
"MK","Indicateurs macro","116","Cambodge","6119","Valeur US $ par habitant","22008","Produit Intérieur Brut","2018","2018","US$","1533.315984","X","Ciffre de sources internationales",""
"MK","Indicateurs macro","120","Cameroun","6110","Valeur US $","22008","Produit Intérieur Brut","2018","2018","Millions d’USD","39973.84206","X","Ciffre de sources internationales",""
"MK","Indicateurs macro","120","Cameroun","6119","Valeur US $ par habitant","22008","Produit Intérieur Brut","2018","2018","US$","1594.060109","X","Ciffre de sources internationales",""
"MK","Indicateurs macro","124","Canada","6110","Valeur US $","22008","Produit Intérieur Brut","2018","2018","Millions d’USD","1721905.663","X","Ciffre de sources internationales",""
"MK","Indicateurs macro","124","Canada","6119","Valeur US $ par habitant","22008","Produit Intérieur Brut","2018","2018","US$","46493.6912","X","Ciffre de sources internationales",""
"MK","Indicateurs macro","152","Chili","6110","Valeur US $","22008","Produit Intérieur Brut","2018","2018","Millions d’USD","295402.646","X","Ciffre de sources internationales",""
"MK","Indicateurs macro","152","Chili","6119","Valeur US $ par habitant","22008","Produit Intérieur Brut","2018","2018","US$","15795.70814","X","Ciffre de sources internationales",""
"MK","Indicateurs macro","159","Chine","6110","Valeur US $","22008","Produit Intérieur Brut","2018","2018","Millions d’USD","14311920.91069","X","Ciffre de sources internationales",""
"MK","Indicateurs macro","159","Chine","6119","Valeur US $ par habitant","22008","Produit Intérieur Brut","2018","2018","US$","9877.591533","X","Ciffre de sources internationales",""
"MK","Indicateurs macro","344","Chine - RAS de Hong-Kong","6110","Valeur US $","22008","Produit Intérieur Brut","2018","2018","Millions d’USD","361731.071","X","Ciffre de sources internationales",""
"MK","Indicateurs macro","344","Chine - RAS de Hong-Kong","6119","Valeur US $ par habitant","22008","Produit Intérieur Brut","2018","2018","US$","48349.717539","X","Ciffre de sources internationales",""
"MK","Indicateurs macro","446","Chine - RAS de Macao","6110","Valeur US $","22008","Produit Intérieur Brut","2018","2018","Millions d’USD","55284.30969","X","Ciffre de sources internationales",""
"MK","Indicateurs macro","446","Chine - RAS de Macao","6119","Valeur US $ par habitant","22008","Produit Intérieur Brut","2018","2018","US$","84923.308755","X","Ciffre de sources internationales",""
"MK","Indicateurs macro","156","Chine, continentale","6110","Valeur US $","22008","Produit Intérieur Brut","2018","2018","Millions d’USD","13894905.53","X","Ciffre de sources internationales",""
"MK","Indicateurs macro","156","Chine, continentale","6119","Valeur US $ par habitant","22008","Produit Intérieur Brut","2018","2018","US$","9805.380642","X","Ciffre de sources internationales",""
"MK","Indicateurs macro","196","Chypre","6110","Valeur US $","22008","Produit Intérieur Brut","2018","2018","Millions d’USD","25597.3071","X","Ciffre de sources internationales",""
"MK","Indicateurs macro","196","Chypre","6119","Valeur US $ par habitant","22008","Produit Intérieur Brut","2018","2018","US$","21001.522853","X","Ciffre de sources internationales",""
"MK","Indicateurs macro","170","Colombie","6110","Valeur US $","22008","Produit Intérieur Brut","2018","2018","Millions d’USD","334198.2181","X","Ciffre de sources internationales",""
"MK","Indicateurs macro","170","Colombie","6119","Valeur US $ par habitant","22008","Produit Intérieur Brut","2018","2018","US$","6782.03792","X","Ciffre de sources internationales",""
"MK","Indicateurs macro","174","Comores","6110","Valeur US $","22008","Produit Intérieur Brut","2018","2018","Millions d’USD","1188.79745","X","Ciffre de sources internationales",""
"MK","Indicateurs macro","174","Comores","6119","Valeur US $ par habitant","22008","Produit Intérieur Brut","2018","2018","US$","1531.337811","X","Ciffre de sources internationales",""
"MK","Indicateurs macro","178","Congo","6110","Valeur US $","22008","Produit Intérieur Brut","2018","2018","Millions d’USD","13670.03765","X","Ciffre de sources internationales",""
"MK","Indicateurs macro","178","Congo","6119","Valeur US $ par habitant","22008","Produit Intérieur Brut","2018","2018","US$","2512.384099","X","Ciffre de sources internationales",""
"MK","Indicateurs macro","188","Costa Rica","6110","Valeur US $","22008","Produit Intérieur Brut","2018","2018","Millions d’USD","62420.16496","X","Ciffre de sources internationales",""
"MK","Indicateurs macro","188","Costa Rica","6119","Valeur US $ par habitant","22008","Produit Intérieur Brut","2018","2018","US$","12383.149946","X","Ciffre de sources internationales",""
"MK","Indicateurs macro","384","Côte d'Ivoire","6110","Valeur US $","22008","Produit Intérieur Brut","2018","2018","Millions d’USD","58010.9919","X","Ciffre de sources internationales",""
"MK","Indicateurs macro","384","Côte d'Ivoire","6119","Valeur US $ par habitant","22008","Produit Intérieur Brut","2018","2018","US$","2275.477336","X","Ciffre de sources internationales",""
"MK","Indicateurs macro","191","Croatie","6110","Valeur US $","22008","Produit Intérieur Brut","2018","2018","Millions d’USD","62316.83811","X","Ciffre de sources internationales",""
"MK","Indicateurs macro","191","Croatie","6119","Valeur US $ par habitant","22008","Produit Intérieur Brut","2018","2018","US$","14978.262897","X","Ciffre de sources internationales",""
"MK","Indicateurs macro","192","Cuba","6110","Valeur US $","22008","Produit Intérieur Brut","2018","2018","Millions d’USD","100050","X","Ciffre de sources internationales",""
"MK","Indicateurs macro","192","Cuba","6119","Valeur US $ par habitant","22008","Produit Intérieur Brut","2018","2018","US$","8831.907222","X","Ciffre de sources internationales",""
"MK","Indicateurs macro","531","Curaçao","6110","Valeur US $","22008","Produit Intérieur Brut","2018","2018","Millions d’USD","3020.394205","X","Ciffre de sources internationales",""
"MK","Indicateurs macro","531","Curaçao","6119","Valeur US $ par habitant","22008","Produit Intérieur Brut","2018","2018","US$","16351.025893","X","Ciffre de sources internationales",""
"MK","Indicateurs macro","208","Danemark","6110","Valeur US $","22008","Produit Intérieur Brut","2018","2018","Millions d’USD","356841.2164","X","Ciffre de sources internationales",""
"MK","Indicateurs macro","208","Danemark","6119","Valeur US $ par habitant","22008","Produit Intérieur Brut","2018","2018","US$","61879.772264","X","Ciffre de sources internationales",""
"MK","Indicateurs macro","262","Djibouti","6110","Valeur US $","22008","Produit Intérieur Brut","2018","2018","Millions d’USD","2923.362593","X","Ciffre de sources internationales",""
"MK","Indicateurs macro","262","Djibouti","6119","Valeur US $ par habitant","22008","Produit Intérieur Brut","2018","2018","US$","2765.198755","X","Ciffre de sources internationales",""
"MK","Indicateurs macro","212","Dominique","6110","Valeur US $","22008","Produit Intérieur Brut","2018","2018","Millions d’USD","554.77037","X","Ciffre de sources internationales",""
"MK","Indicateurs macro","212","Dominique","6119","Valeur US $ par habitant","22008","Produit Intérieur Brut","2018","2018","US$","7833.195013","X","Ciffre de sources internationales",""
"MK","Indicateurs macro","818","Égypte","6110","Valeur US $","22008","Produit Intérieur Brut","2018","2018","Millions d’USD","249751.0816","X","Ciffre de sources internationales",""
"MK","Indicateurs macro","818","Égypte","6119","Valeur US $ par habitant","22008","Produit Intérieur Brut","2018","2018","US$","2407.453633","X","Ciffre de sources internationales",""
"MK","Indicateurs macro","222","El Salvador","6110","Valeur US $","22008","Produit Intérieur Brut","2018","2018","Millions d’USD","26020.85374","X","Ciffre de sources internationales",""
"MK","Indicateurs macro","222","El Salvador","6119","Valeur US $ par habitant","22008","Produit Intérieur Brut","2018","2018","US$","4145.862947","X","Ciffre de sources internationales",""
"MK","Indicateurs macro","784","Émirats arabes unis","6110","Valeur US $","22008","Produit Intérieur Brut","2018","2018","Millions d’USD","422215.0436","X","Ciffre de sources internationales",""
"MK","Indicateurs macro","784","Émirats arabes unis","6119","Valeur US $ par habitant","22008","Produit Intérieur Brut","2018","2018","US$","46193.351961","X","Ciffre de sources internationales",""
"MK","Indicateurs macro","218","Équateur","6110","Valeur US $","22008","Produit Intérieur Brut","2018","2018","Millions d’USD","107562.008","X","Ciffre de sources internationales",""
"MK","Indicateurs macro","218","Équateur","6119","Valeur US $ par habitant","22008","Produit Intérieur Brut","2018","2018","US$","6321.349401","X","Ciffre de sources internationales",""
"MK","Indicateurs macro","232","Érythrée","6110","Valeur US $","22008","Produit Intérieur Brut","2018","2018","Millions d’USD","2005.658375","X","Ciffre de sources internationales",""
"MK","Indicateurs macro","232","Érythrée","6119","Valeur US $ par habitant","22008","Produit Intérieur Brut","2018","2018","US$","582.130815","X","Ciffre de sources internationales",""
"MK","Indicateurs macro","724","Espagne","6110","Valeur US $","22008","Produit Intérieur Brut","2018","2018","Millions d’USD","1421702.715","X","Ciffre de sources internationales",""
"MK","Indicateurs macro","724","Espagne","6119","Valeur US $ par habitant","22008","Produit Intérieur Brut","2018","2018","US$","30383.428973","X","Ciffre de sources internationales",""
"MK","Indicateurs macro","233","Estonie","6110","Valeur US $","22008","Produit Intérieur Brut","2018","2018","Millions d’USD","30624.7202","X","Ciffre de sources internationales",""
"MK","Indicateurs macro","233","Estonie","6119","Valeur US $ par habitant","22008","Produit Intérieur Brut","2018","2018","US$","23162.853327","X","Ciffre de sources internationales",""
"MK","Indicateurs macro","748","Eswatini","6110","Valeur US $","22008","Produit Intérieur Brut","2018","2018","Millions d’USD","4665.138448","X","Ciffre de sources internationales",""
"MK","Indicateurs macro","748","Eswatini","6119","Valeur US $ par habitant","22008","Produit Intérieur Brut","2018","2018","US$","4020.187765","X","Ciffre de sources internationales",""
"MK","Indicateurs macro","840","États-Unis d'Amérique","6110","Valeur US $","22008","Produit Intérieur Brut","2018","2018","Millions d’USD","20533058","X","Ciffre de sources internationales",""
"MK","Indicateurs macro","840","États-Unis d'Amérique","6119","Valeur US $ par habitant","22008","Produit Intérieur Brut","2018","2018","US$","61820.484472","X","Ciffre de sources internationales",""
"MK","Indicateurs macro","231","Éthiopie","6110","Valeur US $","22008","Produit Intérieur Brut","2018","2018","Millions d’USD","80210.32452","X","Ciffre de sources internationales",""
"MK","Indicateurs macro","231","Éthiopie","6119","Valeur US $ par habitant","22008","Produit Intérieur Brut","2018","2018","US$","721.77387","X","Ciffre de sources internationales",""
"MK","Indicateurs macro","643","Fédération de Russie","6110","Valeur US $","22008","Produit Intérieur Brut","2018","2018","Millions d’USD","1657328.79","X","Ciffre de sources internationales",""
"MK","Indicateurs macro","643","Fédération de Russie","6119","Valeur US $ par habitant","22008","Produit Intérieur Brut","2018","2018","US$","11378.665971","X","Ciffre de sources internationales",""
"MK","Indicateurs macro","242","Fidji","6110","Valeur US $","22008","Produit Intérieur Brut","2018","2018","Millions d’USD","5581.399255","X","Ciffre de sources internationales",""
"MK","Indicateurs macro","242","Fidji","6119","Valeur US $ par habitant","22008","Produit Intérieur Brut","2018","2018","US$","6073.366212","X","Ciffre de sources internationales",""
"MK","Indicateurs macro","246","Finlande","6110","Valeur US $","22008","Produit Intérieur Brut","2018","2018","Millions d’USD","275708.0018","X","Ciffre de sources internationales",""
"MK","Indicateurs macro","246","Finlande","6119","Valeur US $ par habitant","22008","Produit Intérieur Brut","2018","2018","US$","49988.206208","X","Ciffre de sources internationales",""
"MK","Indicateurs macro","250","France","6110","Valeur US $","22008","Produit Intérieur Brut","2018","2018","Millions d’USD","2790956.879","X","Ciffre de sources internationales",""
"MK","Indicateurs macro","250","France","6119","Valeur US $ par habitant","22008","Produit Intérieur Brut","2018","2018","US$","43420.224893","X","Ciffre de sources internationales",""
"MK","Indicateurs macro","266","Gabon","6110","Valeur US $","22008","Produit Intérieur Brut","2018","2018","Millions d’USD","16867.33232","X","Ciffre de sources internationales",""
"MK","Indicateurs macro","266","Gabon","6119","Valeur US $ par habitant","22008","Produit Intérieur Brut","2018","2018","US$","7694.90875","X","Ciffre de sources internationales",""
"MK","Indicateurs macro","270","Gambie","6110","Valeur US $","22008","Produit Intérieur Brut","2018","2018","Millions d’USD","1670.686436","X","Ciffre de sources internationales",""
"MK","Indicateurs macro","270","Gambie","6119","Valeur US $ par habitant","22008","Produit Intérieur Brut","2018","2018","US$","683.330812","X","Ciffre de sources internationales",""
"MK","Indicateurs macro","268","Géorgie","6110","Valeur US $","22008","Produit Intérieur Brut","2018","2018","Millions d’USD","17599.58539","X","Ciffre de sources internationales",""
"MK","Indicateurs macro","268","Géorgie","6119","Valeur US $ par habitant","22008","Produit Intérieur Brut","2018","2018","US$","4665.447805","X","Ciffre de sources internationales",""
"MK","Indicateurs macro","288","Ghana","6110","Valeur US $","22008","Produit Intérieur Brut","2018","2018","Millions d’USD","67277.02764","X","Ciffre de sources internationales",""
"MK","Indicateurs macro","288","Ghana","6119","Valeur US $ par habitant","22008","Produit Intérieur Brut","2018","2018","US$","2179.320722","X","Ciffre de sources internationales",""
"MK","Indicateurs macro","300","Grèce","6110","Valeur US $","22008","Produit Intérieur Brut","2018","2018","Millions d’USD","212049.4591","X","Ciffre de sources internationales",""
"MK","Indicateurs macro","300","Grèce","6119","Valeur US $ par habitant","22008","Produit Intérieur Brut","2018","2018","US$","19942.072303","X","Ciffre de sources internationales",""
"MK","Indicateurs macro","308","Grenade","6110","Valeur US $","22008","Produit Intérieur Brut","2018","2018","Millions d’USD","1166.514432","X","Ciffre de sources internationales",""
"MK","Indicateurs macro","308","Grenade","6119","Valeur US $ par habitant","22008","Produit Intérieur Brut","2018","2018","US$","9574.307129","X","Ciffre de sources internationales",""
"MK","Indicateurs macro","304","Groenland","6110","Valeur US $","22008","Produit Intérieur Brut","2018","2018","Millions d’USD","3055.782249","X","Ciffre de sources internationales",""
"MK","Indicateurs macro","304","Groenland","6119","Valeur US $ par habitant","22008","Produit Intérieur Brut","2018","2018","US$","54634.858111","X","Ciffre de sources internationales",""
"MK","Indicateurs macro","320","Guatemala","6110","Valeur US $","22008","Produit Intérieur Brut","2018","2018","Millions d’USD","73328.36993","X","Ciffre de sources internationales",""
"MK","Indicateurs macro","320","Guatemala","6119","Valeur US $ par habitant","22008","Produit Intérieur Brut","2018","2018","US$","4351.786588","X","Ciffre de sources internationales",""
"MK","Indicateurs macro","324","Guinée","6110","Valeur US $","22008","Produit Intérieur Brut","2018","2018","Millions d’USD","11857.03036","X","Ciffre de sources internationales",""
"MK","Indicateurs macro","324","Guinée","6119","Valeur US $ par habitant","22008","Produit Intérieur Brut","2018","2018","US$","944.417268","X","Ciffre de sources internationales",""
"MK","Indicateurs macro","226","Guinée équatoriale","6110","Valeur US $","22008","Produit Intérieur Brut","2018","2018","Millions d’USD","13097.01392","X","Ciffre de sources internationales",""
"MK","Indicateurs macro","226","Guinée équatoriale","6119","Valeur US $ par habitant","22008","Produit Intérieur Brut","2018","2018","US$","8719.188065","X","Ciffre de sources internationales",""
"MK","Indicateurs macro","624","Guinée-Bissau","6110","Valeur US $","22008","Produit Intérieur Brut","2018","2018","Millions d’USD","1427.473462","X","Ciffre de sources internationales",""
"MK","Indicateurs macro","624","Guinée-Bissau","6119","Valeur US $ par habitant","22008","Produit Intérieur Brut","2018","2018","US$","741.561991","X","Ciffre de sources internationales",""
"MK","Indicateurs macro","328","Guyana","6110","Valeur US $","22008","Produit Intérieur Brut","2018","2018","Millions d’USD","4787.637006","X","Ciffre de sources internationales",""
"MK","Indicateurs macro","328","Guyana","6119","Valeur US $ par habitant","22008","Produit Intérieur Brut","2018","2018","US$","6094.909837","X","Ciffre de sources internationales",""
"MK","Indicateurs macro","332","Haïti","6110","Valeur US $","22008","Produit Intérieur Brut","2018","2018","Millions d’USD","15730.38967","X","Ciffre de sources internationales",""
"MK","Indicateurs macro","332","Haïti","6119","Valeur US $ par habitant","22008","Produit Intérieur Brut","2018","2018","US$","1428.422476","X","Ciffre de sources internationales",""
"MK","Indicateurs macro","340","Honduras","6110","Valeur US $","22008","Produit Intérieur Brut","2018","2018","Millions d’USD","24067.75465","X","Ciffre de sources internationales",""
"MK","Indicateurs macro","340","Honduras","6119","Valeur US $ par habitant","22008","Produit Intérieur Brut","2018","2018","US$","2457.68644","X","Ciffre de sources internationales",""
"MK","Indicateurs macro","348","Hongrie","6110","Valeur US $","22008","Produit Intérieur Brut","2018","2018","Millions d’USD","160564.629","X","Ciffre de sources internationales",""
"MK","Indicateurs macro","348","Hongrie","6119","Valeur US $ par habitant","22008","Produit Intérieur Brut","2018","2018","US$","16423.767317","X","Ciffre de sources internationales",""
"MK","Indicateurs macro","136","Îles Caïmanes","6110","Valeur US $","22008","Produit Intérieur Brut","2018","2018","Millions d’USD","5530.178561","X","Ciffre de sources internationales",""
"MK","Indicateurs macro","136","Îles Caïmanes","6119","Valeur US $ par habitant","22008","Produit Intérieur Brut","2018","2018","US$","85231.776108","X","Ciffre de sources internationales",""
"MK","Indicateurs macro","184","Îles Cook","6110","Valeur US $","22008","Produit Intérieur Brut","2018","2018","Millions d’USD","362.713891","X","Ciffre de sources internationales",""
"MK","Indicateurs macro","184","Îles Cook","6119","Valeur US $ par habitant","22008","Produit Intérieur Brut","2018","2018","US$","21023.235994","X","Ciffre de sources internationales",""
"MK","Indicateurs macro","584","Îles Marshall","6110","Valeur US $","22008","Produit Intérieur Brut","2018","2018","Millions d’USD","221.79425","X","Ciffre de sources internationales",""
"MK","Indicateurs macro","584","Îles Marshall","6119","Valeur US $ par habitant","22008","Produit Intérieur Brut","2018","2018","US$","4822.767401","X","Ciffre de sources internationales",""
"MK","Indicateurs macro","090","Îles Salomon","6110","Valeur US $","22008","Produit Intérieur Brut","2018","2018","Millions d’USD","1615.473275","X","Ciffre de sources internationales",""
"MK","Indicateurs macro","090","Îles Salomon","6119","Valeur US $ par habitant","22008","Produit Intérieur Brut","2018","2018","US$","2450.475124","X","Ciffre de sources internationales",""
"MK","Indicateurs macro","796","Îles Turques-et-Caïques","6110","Valeur US $","22008","Produit Intérieur Brut","2018","2018","Millions d’USD","1113.178","X","Ciffre de sources internationales",""
"MK","Indicateurs macro","796","Îles Turques-et-Caïques","6119","Valeur US $ par habitant","22008","Produit Intérieur Brut","2018","2018","US$","26831.971461","X","Ciffre de sources internationales",""
"MK","Indicateurs macro","092","Îles Vierges britanniques","6110","Valeur US $","22008","Produit Intérieur Brut","2018","2018","Millions d’USD","1381.87","X","Ciffre de sources internationales",""
"MK","Indicateurs macro","092","Îles Vierges britanniques","6119","Valeur US $ par habitant","22008","Produit Intérieur Brut","2018","2018","US$","45553.650898","X","Ciffre de sources internationales",""
"MK","Indicateurs macro","356","Inde","6110","Valeur US $","22008","Produit Intérieur Brut","2018","2018","Millions d’USD","2763196.673","X","Ciffre de sources internationales",""
"MK","Indicateurs macro","356","Inde","6119","Valeur US $ par habitant","22008","Produit Intérieur Brut","2018","2018","US$","2018.400292","X","Ciffre de sources internationales",""
"MK","Indicateurs macro","360","Indonésie","6110","Valeur US $","22008","Produit Intérieur Brut","2018","2018","Millions d’USD","1042271.533","X","Ciffre de sources internationales",""
"MK","Indicateurs macro","360","Indonésie","6119","Valeur US $ par habitant","22008","Produit Intérieur Brut","2018","2018","US$","3902.661676","X","Ciffre de sources internationales",""
"MK","Indicateurs macro","364","Iran (République islamique d')","6110","Valeur US $","22008","Produit Intérieur Brut","2018","2018","Millions d’USD","526365.3931","X","Ciffre de sources internationales",""
"MK","Indicateurs macro","364","Iran (République islamique d')","6119","Valeur US $ par habitant","22008","Produit Intérieur Brut","2018","2018","US$","6147.867106","X","Ciffre de sources internationales",""
"MK","Indicateurs macro","368","Iraq","6110","Valeur US $","22008","Produit Intérieur Brut","2018","2018","Millions d’USD","227367.469","X","Ciffre de sources internationales",""
"MK","Indicateurs macro","368","Iraq","6119","Valeur US $ par habitant","22008","Produit Intérieur Brut","2018","2018","US$","5601.46706","X","Ciffre de sources internationales",""
"MK","Indicateurs macro","372","Irlande","6110","Valeur US $","22008","Produit Intérieur Brut","2018","2018","Millions d’USD","385736.6808","X","Ciffre de sources internationales",""
"MK","Indicateurs macro","372","Irlande","6119","Valeur US $ par habitant","22008","Produit Intérieur Brut","2018","2018","US$","79788.214352","X","Ciffre de sources internationales",""
"MK","Indicateurs macro","352","Islande","6110","Valeur US $","22008","Produit Intérieur Brut","2018","2018","Millions d’USD","26264.12769","X","Ciffre de sources internationales",""
"MK","Indicateurs macro","352","Islande","6119","Valeur US $ par habitant","22008","Produit Intérieur Brut","2018","2018","US$","74414.011464","X","Ciffre de sources internationales",""
"MK","Indicateurs macro","376","Israël","6110","Valeur US $","22008","Produit Intérieur Brut","2018","2018","Millions d’USD","373641.2905","X","Ciffre de sources internationales",""
"MK","Indicateurs macro","376","Israël","6119","Valeur US $ par habitant","22008","Produit Intérieur Brut","2018","2018","US$","44184.005396","X","Ciffre de sources internationales",""
"MK","Indicateurs macro","380","Italie","6110","Valeur US $","22008","Produit Intérieur Brut","2018","2018","Millions d’USD","2091932.426","X","Ciffre de sources internationales",""
"MK","Indicateurs macro","380","Italie","6119","Valeur US $ par habitant","22008","Produit Intérieur Brut","2018","2018","US$","34936.913636","X","Ciffre de sources internationales",""
"MK","Indicateurs macro","388","Jamaïque","6110","Valeur US $","22008","Produit Intérieur Brut","2018","2018","Millions d’USD","15730.7922","X","Ciffre de sources internationales",""
"MK","Indicateurs macro","388","Jamaïque","6119","Valeur US $ par habitant","22008","Produit Intérieur Brut","2018","2018","US$","5594.493347","X","Ciffre de sources internationales",""
"MK","Indicateurs macro","392","Japon","6110","Valeur US $","22008","Produit Intérieur Brut","2018","2018","Millions d’USD","5037835.383","X","Ciffre de sources internationales",""
"MK","Indicateurs macro","392","Japon","6119","Valeur US $ par habitant","22008","Produit Intérieur Brut","2018","2018","US$","39901.792626","X","Ciffre de sources internationales",""
"MK","Indicateurs macro","400","Jordanie","6110","Valeur US $","22008","Produit Intérieur Brut","2018","2018","Millions d’USD","42932.39437","X","Ciffre de sources internationales",""
"MK","Indicateurs macro","400","Jordanie","6119","Valeur US $ par habitant","22008","Produit Intérieur Brut","2018","2018","US$","4104.488382","X","Ciffre de sources internationales",""
"MK","Indicateurs macro","398","Kazakhstan","6110","Valeur US $","22008","Produit Intérieur Brut","2018","2018","Millions d’USD","179339.9775","X","Ciffre de sources internationales",""
"MK","Indicateurs macro","398","Kazakhstan","6119","Valeur US $ par habitant","22008","Produit Intérieur Brut","2018","2018","US$","9674.129882","X","Ciffre de sources internationales",""
"MK","Indicateurs macro","404","Kenya","6110","Valeur US $","22008","Produit Intérieur Brut","2018","2018","Millions d’USD","92202.97994","X","Ciffre de sources internationales",""
"MK","Indicateurs macro","404","Kenya","6119","Valeur US $ par habitant","22008","Produit Intérieur Brut","2018","2018","US$","1845.783413","X","Ciffre de sources internationales",""
"MK","Indicateurs macro","417","Kirghizistan","6110","Valeur US $","22008","Produit Intérieur Brut","2018","2018","Millions d’USD","8271.106196","X","Ciffre de sources internationales",""
"MK","Indicateurs macro","417","Kirghizistan","6119","Valeur US $ par habitant","22008","Produit Intérieur Brut","2018","2018","US$","1329.013284","X","Ciffre de sources internationales",""
"MK","Indicateurs macro","296","Kiribati","6110","Valeur US $","22008","Produit Intérieur Brut","2018","2018","Millions d’USD","196.232414","X","Ciffre de sources internationales",""
"MK","Indicateurs macro","296","Kiribati","6119","Valeur US $ par habitant","22008","Produit Intérieur Brut","2018","2018","US$","1605.028704","X","Ciffre de sources internationales",""
"MK","Indicateurs macro","414","Koweït","6110","Valeur US $","22008","Produit Intérieur Brut","2018","2018","Millions d’USD","138202.3102","X","Ciffre de sources internationales",""
"MK","Indicateurs macro","414","Koweït","6119","Valeur US $ par habitant","22008","Produit Intérieur Brut","2018","2018","US$","32012.135269","X","Ciffre de sources internationales",""
"MK","Indicateurs macro","426","Lesotho","6110","Valeur US $","22008","Produit Intérieur Brut","2018","2018","Millions d’USD","2554.898765","X","Ciffre de sources internationales",""
"MK","Indicateurs macro","426","Lesotho","6119","Valeur US $ par habitant","22008","Produit Intérieur Brut","2018","2018","US$","1162.365334","X","Ciffre de sources internationales",""
"MK","Indicateurs macro","428","Lettonie","6110","Valeur US $","22008","Produit Intérieur Brut","2018","2018","Millions d’USD","34429.02344","X","Ciffre de sources internationales",""
"MK","Indicateurs macro","428","Lettonie","6119","Valeur US $ par habitant","22008","Produit Intérieur Brut","2018","2018","US$","17786.98586","X","Ciffre de sources internationales",""
"MK","Indicateurs macro","422","Liban","6110","Valeur US $","22008","Produit Intérieur Brut","2018","2018","Millions d’USD","54901.51916","X","Ciffre de sources internationales",""
"MK","Indicateurs macro","422","Liban","6119","Valeur US $ par habitant","22008","Produit Intérieur Brut","2018","2018","US$","9225.845156","X","Ciffre de sources internationales",""
"MK","Indicateurs macro","430","Libéria","6110","Valeur US $","22008","Produit Intérieur Brut","2018","2018","Millions d’USD","2744.956787","X","Ciffre de sources internationales",""
"MK","Indicateurs macro","430","Libéria","6119","Valeur US $ par habitant","22008","Produit Intérieur Brut","2018","2018","US$","561.410774","X","Ciffre de sources internationales",""
"MK","Indicateurs macro","434","Libye","6110","Valeur US $","22008","Produit Intérieur Brut","2018","2018","Millions d’USD","76686.0485","X","Ciffre de sources internationales",""
"MK","Indicateurs macro","434","Libye","6119","Valeur US $ par habitant","22008","Produit Intérieur Brut","2018","2018","US$","11838.298708","X","Ciffre de sources internationales",""
"MK","Indicateurs macro","438","Liechtenstein","6110","Valeur US $","22008","Produit Intérieur Brut","2018","2018","Millions d’USD","6692.618411","X","Ciffre de sources internationales",""
"MK","Indicateurs macro","438","Liechtenstein","6119","Valeur US $ par habitant","22008","Produit Intérieur Brut","2018","2018","US$","175286.619287","X","Ciffre de sources internationales",""
"MK","Indicateurs macro","440","Lituanie","6110","Valeur US $","22008","Produit Intérieur Brut","2018","2018","Millions d’USD","53751.41141","X","Ciffre de sources internationales",""
"MK","Indicateurs macro","440","Lituanie","6119","Valeur US $ par habitant","22008","Produit Intérieur Brut","2018","2018","US$","18688.810585","X","Ciffre de sources internationales",""
"MK","Indicateurs macro","442","Luxembourg","6110","Valeur US $","22008","Produit Intérieur Brut","2018","2018","Millions d’USD","71000.35976","X","Ciffre de sources internationales",""
"MK","Indicateurs macro","442","Luxembourg","6119","Valeur US $ par habitant","22008","Produit Intérieur Brut","2018","2018","US$","116793.619745","X","Ciffre de sources internationales",""
"MK","Indicateurs macro","807","Macédoine du Nord","6110","Valeur US $","22008","Produit Intérieur Brut","2018","2018","Millions d’USD","12683.06803","X","Ciffre de sources internationales",""
"MK","Indicateurs macro","807","Macédoine du Nord","6119","Valeur US $ par habitant","22008","Produit Intérieur Brut","2018","2018","US$","6001.00404","X","Ciffre de sources internationales",""
"MK","Indicateurs macro","450","Madagascar","6110","Valeur US $","22008","Produit Intérieur Brut","2018","2018","Millions d’USD","13760.03328","X","Ciffre de sources internationales",""
"MK","Indicateurs macro","450","Madagascar","6119","Valeur US $ par habitant","22008","Produit Intérieur Brut","2018","2018","US$","512.543991","X","Ciffre de sources internationales",""
"MK","Indicateurs macro","458","Malaisie","6110","Valeur US $","22008","Produit Intérieur Brut","2018","2018","Millions d’USD","358788.924","X","Ciffre de sources internationales",""
"MK","Indicateurs macro","458","Malaisie","6119","Valeur US $ par habitant","22008","Produit Intérieur Brut","2018","2018","US$","11073.981387","X","Ciffre de sources internationales",""
"MK","Indicateurs macro","454","Malawi","6110","Valeur US $","22008","Produit Intérieur Brut","2018","2018","Millions d’USD","9877.060547","X","Ciffre de sources internationales",""
"MK","Indicateurs macro","454","Malawi","6119","Valeur US $ par habitant","22008","Produit Intérieur Brut","2018","2018","US$","537.73538","X","Ciffre de sources internationales",""
"MK","Indicateurs macro","462","Maldives","6110","Valeur US $","22008","Produit Intérieur Brut","2018","2018","Millions d’USD","5300.949825","X","Ciffre de sources internationales",""
"MK","Indicateurs macro","462","Maldives","6119","Valeur US $ par habitant","22008","Produit Intérieur Brut","2018","2018","US$","10823.610487","X","Ciffre de sources internationales",""
"MK","Indicateurs macro","466","Mali","6110","Valeur US $","22008","Produit Intérieur Brut","2018","2018","Millions d’USD","17070.86758","X","Ciffre de sources internationales",""
"MK","Indicateurs macro","466","Mali","6119","Valeur US $ par habitant","22008","Produit Intérieur Brut","2018","2018","US$","856.356596","X","Ciffre de sources internationales",""
"MK","Indicateurs macro","470","Malte","6110","Valeur US $","22008","Produit Intérieur Brut","2018","2018","Millions d’USD","15294.54186","X","Ciffre de sources internationales",""
"MK","Indicateurs macro","470","Malte","6119","Valeur US $ par habitant","22008","Produit Intérieur Brut","2018","2018","US$","31112.64735","X","Ciffre de sources internationales",""
"MK","Indicateurs macro","504","Maroc","6110","Valeur US $","22008","Produit Intérieur Brut","2018","2018","Millions d’USD","127341.1419","X","Ciffre de sources internationales",""
"MK","Indicateurs macro","504","Maroc","6119","Valeur US $ par habitant","22008","Produit Intérieur Brut","2018","2018","US$","3544.390868","X","Ciffre de sources internationales",""
"MK","Indicateurs macro","480","Maurice","6110","Valeur US $","22008","Produit Intérieur Brut","2018","2018","Millions d’USD","14735.67422","X","Ciffre de sources internationales",""
"MK","Indicateurs macro","480","Maurice","6119","Valeur US $ par habitant","22008","Produit Intérieur Brut","2018","2018","US$","11375.552227","X","Ciffre de sources internationales",""
"MK","Indicateurs macro","478","Mauritanie","6110","Valeur US $","22008","Produit Intérieur Brut","2018","2018","Millions d’USD","7473.550557","X","Ciffre de sources internationales",""
"MK","Indicateurs macro","478","Mauritanie","6119","Valeur US $ par habitant","22008","Produit Intérieur Brut","2018","2018","US$","1749.954236","X","Ciffre de sources internationales",""
"MK","Indicateurs macro","484","Mexique","6110","Valeur US $","22008","Produit Intérieur Brut","2018","2018","Millions d’USD","1222405.556","X","Ciffre de sources internationales",""
"MK","Indicateurs macro","484","Mexique","6119","Valeur US $ par habitant","22008","Produit Intérieur Brut","2018","2018","US$","9857.007484","X","Ciffre de sources internationales",""
"MK","Indicateurs macro","583","Micronésie (États fédérés de)","6110","Valeur US $","22008","Produit Intérieur Brut","2018","2018","Millions d’USD","401.932279","X","Ciffre de sources internationales",""
"MK","Indicateurs macro","583","Micronésie (États fédérés de)","6119","Valeur US $ par habitant","22008","Produit Intérieur Brut","2018","2018","US$","3623.329147","X","Ciffre de sources internationales",""
"MK","Indicateurs macro","492","Monaco","6110","Valeur US $","22008","Produit Intérieur Brut","2018","2018","Millions d’USD","7194.313464","X","Ciffre de sources internationales",""
"MK","Indicateurs macro","492","Monaco","6119","Valeur US $ par habitant","22008","Produit Intérieur Brut","2018","2018","US$","194288.624159","X","Ciffre de sources internationales",""
"MK","Indicateurs macro","496","Mongolie","6110","Valeur US $","22008","Produit Intérieur Brut","2018","2018","Millions d’USD","13178.09472","X","Ciffre de sources internationales",""
"MK","Indicateurs macro","496","Mongolie","6119","Valeur US $ par habitant","22008","Produit Intérieur Brut","2018","2018","US$","4165.022821","X","Ciffre de sources internationales",""
"MK","Indicateurs macro","499","Monténégro","6110","Valeur US $","22008","Produit Intérieur Brut","2018","2018","Millions d’USD","5506.908975","X","Ciffre de sources internationales",""
"MK","Indicateurs macro","499","Monténégro","6119","Valeur US $ par habitant","22008","Produit Intérieur Brut","2018","2018","US$","8720.984037","X","Ciffre de sources internationales",""
"MK","Indicateurs macro","500","Montserrat","6110","Valeur US $","22008","Produit Intérieur Brut","2018","2018","Millions d’USD","62.855556","X","Ciffre de sources internationales",""
"MK","Indicateurs macro","500","Montserrat","6119","Valeur US $ par habitant","22008","Produit Intérieur Brut","2018","2018","US$","14419.719101","X","Ciffre de sources internationales",""
"MK","Indicateurs macro","508","Mozambique","6110","Valeur US $","22008","Produit Intérieur Brut","2018","2018","Millions d’USD","14845.40059","X","Ciffre de sources internationales",""
"MK","Indicateurs macro","508","Mozambique","6119","Valeur US $ par habitant","22008","Produit Intérieur Brut","2018","2018","US$","504.535826","X","Ciffre de sources internationales",""
"MK","Indicateurs macro","104","Myanmar","6110","Valeur US $","22008","Produit Intérieur Brut","2018","2018","Millions d’USD","73617.22876","X","Ciffre de sources internationales",""
"MK","Indicateurs macro","104","Myanmar","6119","Valeur US $ par habitant","22008","Produit Intérieur Brut","2018","2018","US$","1397.812805","X","Ciffre de sources internationales",""
"MK","Indicateurs macro","516","Namibie","6110","Valeur US $","22008","Produit Intérieur Brut","2018","2018","Millions d’USD","13682.01942","X","Ciffre de sources internationales",""
"MK","Indicateurs macro","516","Namibie","6119","Valeur US $ par habitant","22008","Produit Intérieur Brut","2018","2018","US$","5687.381289","X","Ciffre de sources internationales",""
"MK","Indicateurs macro","520","Nauru","6110","Valeur US $","22008","Produit Intérieur Brut","2018","2018","Millions d’USD","138.20362","X","Ciffre de sources internationales",""
"MK","Indicateurs macro","520","Nauru","6119","Valeur US $ par habitant","22008","Produit Intérieur Brut","2018","2018","US$","11590.374052","X","Ciffre de sources internationales",""
"MK","Indicateurs macro","524","Népal","6110","Valeur US $","22008","Produit Intérieur Brut","2018","2018","Millions d’USD","29174.32616","X","Ciffre de sources internationales",""
"MK","Indicateurs macro","524","Népal","6119","Valeur US $ par habitant","22008","Produit Intérieur Brut","2018","2018","US$","1023.419543","X","Ciffre de sources internationales",""
"MK","Indicateurs macro","558","Nicaragua","6110","Valeur US $","22008","Produit Intérieur Brut","2018","2018","Millions d’USD","13025.22184","X","Ciffre de sources internationales",""
"MK","Indicateurs macro","558","Nicaragua","6119","Valeur US $ par habitant","22008","Produit Intérieur Brut","2018","2018","US$","1981.856371","X","Ciffre de sources internationales",""
"MK","Indicateurs macro","562","Niger","6110","Valeur US $","22008","Produit Intérieur Brut","2018","2018","Millions d’USD","12808.66263","X","Ciffre de sources internationales",""
"MK","Indicateurs macro","562","Niger","6119","Valeur US $ par habitant","22008","Produit Intérieur Brut","2018","2018","US$","567.3309","X","Ciffre de sources internationales",""
"MK","Indicateurs macro","566","Nigéria","6110","Valeur US $","22008","Produit Intérieur Brut","2018","2018","Millions d’USD","421737.2974","X","Ciffre de sources internationales",""
"MK","Indicateurs macro","566","Nigéria","6119","Valeur US $ par habitant","22008","Produit Intérieur Brut","2018","2018","US$","2125.824641","X","Ciffre de sources internationales",""
"MK","Indicateurs macro","578","Norvège","6110","Valeur US $","22008","Produit Intérieur Brut","2018","2018","Millions d’USD","436999.6926","X","Ciffre de sources internationales",""
"MK","Indicateurs macro","578","Norvège","6119","Valeur US $ par habitant","22008","Produit Intérieur Brut","2018","2018","US$","82261.552881","X","Ciffre de sources internationales",""
"MK","Indicateurs macro","540","Nouvelle-Calédonie","6110","Valeur US $","22008","Produit Intérieur Brut","2018","2018","Millions d’USD","9896.402295","X","Ciffre de sources internationales",""
"MK","Indicateurs macro","540","Nouvelle-Calédonie","6119","Valeur US $ par habitant","22008","Produit Intérieur Brut","2018","2018","US$","34738.845461","X","Ciffre de sources internationales",""
"MK","Indicateurs macro","554","Nouvelle-Zélande","6110","Valeur US $","22008","Produit Intérieur Brut","2018","2018","Millions d’USD","211953.111","X","Ciffre de sources internationales",""
"MK","Indicateurs macro","554","Nouvelle-Zélande","6119","Valeur US $ par habitant","22008","Produit Intérieur Brut","2018","2018","US$","43805.305789","X","Ciffre de sources internationales",""
"MK","Indicateurs macro","512","Oman","6110","Valeur US $","22008","Produit Intérieur Brut","2018","2018","Millions d’USD","91505.91808","X","Ciffre de sources internationales",""
"MK","Indicateurs macro","512","Oman","6119","Valeur US $ par habitant","22008","Produit Intérieur Brut","2018","2018","US$","19887.588726","X","Ciffre de sources internationales",""
"MK","Indicateurs macro","800","Ouganda","6110","Valeur US $","22008","Produit Intérieur Brut","2018","2018","Millions d’USD","34075.61575","X","Ciffre de sources internationales",""
"MK","Indicateurs macro","800","Ouganda","6119","Valeur US $ par habitant","22008","Produit Intérieur Brut","2018","2018","US$","820.79469","X","Ciffre de sources internationales",""
"MK","Indicateurs macro","860","Ouzbékistan","6110","Valeur US $","22008","Produit Intérieur Brut","2018","2018","Millions d’USD","52633.14357","X","Ciffre de sources internationales",""
"MK","Indicateurs macro","860","Ouzbékistan","6119","Valeur US $ par habitant","22008","Produit Intérieur Brut","2018","2018","US$","1621.997883","X","Ciffre de sources internationales",""
"MK","Indicateurs macro","586","Pakistan","6110","Valeur US $","22008","Produit Intérieur Brut","2018","2018","Millions d’USD","321691.8493","X","Ciffre de sources internationales",""
"MK","Indicateurs macro","586","Pakistan","6119","Valeur US $ par habitant","22008","Produit Intérieur Brut","2018","2018","US$","1464.022591","X","Ciffre de sources internationales",""
"MK","Indicateurs macro","585","Palaos","6110","Valeur US $","22008","Produit Intérieur Brut","2018","2018","Millions d’USD","284.883094","X","Ciffre de sources internationales",""
"MK","Indicateurs macro","585","Palaos","6119","Valeur US $ par habitant","22008","Produit Intérieur Brut","2018","2018","US$","15947.329489","X","Ciffre de sources internationales",""
"MK","Indicateurs macro","275","Palestine","6110","Valeur US $","22008","Produit Intérieur Brut","2018","2018","Millions d’USD","16276.6","X","Ciffre de sources internationales",""
"MK","Indicateurs macro","275","Palestine","6119","Valeur US $ par habitant","22008","Produit Intérieur Brut","2018","2018","US$","3387.04418","X","Ciffre de sources internationales",""
"MK","Indicateurs macro","591","Panama","6110","Valeur US $","22008","Produit Intérieur Brut","2018","2018","Millions d’USD","64929.40921","X","Ciffre de sources internationales",""
"MK","Indicateurs macro","591","Panama","6119","Valeur US $ par habitant","22008","Produit Intérieur Brut","2018","2018","US$","15588.33954","X","Ciffre de sources internationales",""
"MK","Indicateurs macro","598","Papouasie-Nouvelle-Guinée","6110","Valeur US $","22008","Produit Intérieur Brut","2018","2018","Millions d’USD","24215.85349","X","Ciffre de sources internationales",""
"MK","Indicateurs macro","598","Papouasie-Nouvelle-Guinée","6119","Valeur US $ par habitant","22008","Produit Intérieur Brut","2018","2018","US$","2595.697745","X","Ciffre de sources internationales",""
"MK","Indicateurs macro","600","Paraguay","6110","Valeur US $","22008","Produit Intérieur Brut","2018","2018","Millions d’USD","40225.44857","X","Ciffre de sources internationales",""
"MK","Indicateurs macro","600","Paraguay","6119","Valeur US $ par habitant","22008","Produit Intérieur Brut","2018","2018","US$","6242.96149","X","Ciffre de sources internationales",""
"MK","Indicateurs macro","528","Pays-Bas (Royaume des)","6110","Valeur US $","22008","Produit Intérieur Brut","2018","2018","Millions d’USD","914043.4382","X","Ciffre de sources internationales",""
"MK","Indicateurs macro","528","Pays-Bas (Royaume des)","6119","Valeur US $ par habitant","22008","Produit Intérieur Brut","2018","2018","US$","52877.543523","X","Ciffre de sources internationales",""
"MK","Indicateurs macro","604","Pérou","6110","Valeur US $","22008","Produit Intérieur Brut","2018","2018","Millions d’USD","222597.0302","X","Ciffre de sources internationales",""
"MK","Indicateurs macro","604","Pérou","6119","Valeur US $ par habitant","22008","Produit Intérieur Brut","2018","2018","US$","6912.104623","X","Ciffre de sources internationales",""
"MK","Indicateurs macro","608","Philippines","6110","Valeur US $","22008","Produit Intérieur Brut","2018","2018","Millions d’USD","346841.8969","X","Ciffre de sources internationales",""
"MK","Indicateurs macro","608","Philippines","6119","Valeur US $ par habitant","22008","Produit Intérieur Brut","2018","2018","US$","3194.672704","X","Ciffre de sources internationales",""
"MK","Indicateurs macro","616","Pologne","6110","Valeur US $","22008","Produit Intérieur Brut","2018","2018","Millions d’USD","588779.8508","X","Ciffre de sources internationales",""
"MK","Indicateurs macro","616","Pologne","6119","Valeur US $ par habitant","22008","Produit Intérieur Brut","2018","2018","US$","15284.464728","X","Ciffre de sources internationales",""
"MK","Indicateurs macro","258","Polynésie française","6110","Valeur US $","22008","Produit Intérieur Brut","2018","2018","Millions d’USD","6135.116261","X","Ciffre de sources internationales",""
"MK","Indicateurs macro","258","Polynésie française","6119","Valeur US $ par habitant","22008","Produit Intérieur Brut","2018","2018","US$","20614.894394","X","Ciffre de sources internationales",""
"MK","Indicateurs macro","630","Porto Rico","6110","Valeur US $","22008","Produit Intérieur Brut","2018","2018","Millions d’USD","100958.1","X","Ciffre de sources internationales",""
"MK","Indicateurs macro","630","Porto Rico","6119","Valeur US $ par habitant","22008","Produit Intérieur Brut","2018","2018","US$","30415.76323","X","Ciffre de sources internationales",""
"MK","Indicateurs macro","620","Portugal","6110","Valeur US $","22008","Produit Intérieur Brut","2018","2018","Millions d’USD","242313.1166","X","Ciffre de sources internationales",""
"MK","Indicateurs macro","620","Portugal","6119","Valeur US $ par habitant","22008","Produit Intérieur Brut","2018","2018","US$","23548.785437","X","Ciffre de sources internationales",""
"MK","Indicateurs macro","634","Qatar","6110","Valeur US $","22008","Produit Intérieur Brut","2018","2018","Millions d’USD","183334.9538","X","Ciffre de sources internationales",""
"MK","Indicateurs macro","634","Qatar","6119","Valeur US $ par habitant","22008","Produit Intérieur Brut","2018","2018","US$","66264.081161","X","Ciffre de sources internationales",""
"MK","Indicateurs macro","760","République arabe syrienne","6110","Valeur US $","22008","Produit Intérieur Brut","2018","2018","Millions d’USD","22092.55069","X","Ciffre de sources internationales",""
"MK","Indicateurs macro","760","République arabe syrienne","6119","Valeur US $ par habitant","22008","Produit Intérieur Brut","2018","2018","US$","1142.710475","X","Ciffre de sources internationales",""
"MK","Indicateurs macro","140","République centrafricaine","6110","Valeur US $","22008","Produit Intérieur Brut","2018","2018","Millions d’USD","2220.978586","X","Ciffre de sources internationales",""
"MK","Indicateurs macro","140","République centrafricaine","6119","Valeur US $ par habitant","22008","Produit Intérieur Brut","2018","2018","US$","435.932187","X","Ciffre de sources internationales",""
"MK","Indicateurs macro","410","République de Corée","6110","Valeur US $","22008","Produit Intérieur Brut","2018","2018","Millions d’USD","1724755.499","X","Ciffre de sources internationales",""
"MK","Indicateurs macro","410","République de Corée","6119","Valeur US $ par habitant","22008","Produit Intérieur Brut","2018","2018","US$","33375.753944","X","Ciffre de sources internationales",""
"MK","Indicateurs macro","498","République de Moldova","6110","Valeur US $","22008","Produit Intérieur Brut","2018","2018","Millions d’USD","11457.44317","X","Ciffre de sources internationales",""
"MK","Indicateurs macro","498","République de Moldova","6119","Valeur US $ par habitant","22008","Produit Intérieur Brut","2018","2018","US$","3646.733796","X","Ciffre de sources internationales",""
"MK","Indicateurs macro","180","République démocratique du Congo","6110","Valeur US $","22008","Produit Intérieur Brut","2018","2018","Millions d’USD","47146.00431","X","Ciffre de sources internationales",""
"MK","Indicateurs macro","180","République démocratique du Congo","6119","Valeur US $ par habitant","22008","Produit Intérieur Brut","2018","2018","US$","541.364522","X","Ciffre de sources internationales",""
"MK","Indicateurs macro","418","République démocratique populaire lao","6110","Valeur US $","22008","Produit Intérieur Brut","2018","2018","Millions d’USD","18141.64109","X","Ciffre de sources internationales",""
"MK","Indicateurs macro","418","République démocratique populaire lao","6119","Valeur US $ par habitant","22008","Produit Intérieur Brut","2018","2018","US$","2553.360418","X","Ciffre de sources internationales",""
"MK","Indicateurs macro","214","République dominicaine","6110","Valeur US $","22008","Produit Intérieur Brut","2018","2018","Millions d’USD","85555.39039","X","Ciffre de sources internationales",""
"MK","Indicateurs macro","214","République dominicaine","6119","Valeur US $ par habitant","22008","Produit Intérieur Brut","2018","2018","US$","7947.159354","X","Ciffre de sources internationales",""
"MK","Indicateurs macro","408","République populaire démocratique de Corée","6110","Valeur US $","22008","Produit Intérieur Brut","2018","2018","Millions d’USD","17487.26106","X","Ciffre de sources internationales",""
"MK","Indicateurs macro","408","République populaire démocratique de Corée","6119","Valeur US $ par habitant","22008","Produit Intérieur Brut","2018","2018","US$","682.079703","X","Ciffre de sources internationales",""
"MK","Indicateurs macro","834","République-Unie de Tanzanie","6110","Valeur US $","22008","Produit Intérieur Brut","2018","2018","Millions d’USD","58652.72426","X","Ciffre de sources internationales",""
"MK","Indicateurs macro","834","République-Unie de Tanzanie","6119","Valeur US $ par habitant","22008","Produit Intérieur Brut","2018","2018","US$","1009.679411","X","Ciffre de sources internationales",""
"MK","Indicateurs macro","642","Roumanie","6110","Valeur US $","22008","Produit Intérieur Brut","2018","2018","Millions d’USD","243316.0505","X","Ciffre de sources internationales",""
"MK","Indicateurs macro","642","Roumanie","6119","Valeur US $ par habitant","22008","Produit Intérieur Brut","2018","2018","US$","12409.789536","X","Ciffre de sources internationales",""
"MK","Indicateurs macro","826","Royaume-Uni de Grande-Bretagne et d'Irlande du Nord","6110","Valeur US $","22008","Produit Intérieur Brut","2018","2018","Millions d’USD","2878152.147","X","Ciffre de sources internationales",""
"MK","Indicateurs macro","826","Royaume-Uni de Grande-Bretagne et d'Irlande du Nord","6119","Valeur US $ par habitant","22008","Produit Intérieur Brut","2018","2018","US$","43324.137857","X","Ciffre de sources internationales",""
"MK","Indicateurs macro","646","Rwanda","6110","Valeur US $","22008","Produit Intérieur Brut","2018","2018","Millions d’USD","9642.391734","X","Ciffre de sources internationales",""
"MK","Indicateurs macro","646","Rwanda","6119","Valeur US $ par habitant","22008","Produit Intérieur Brut","2018","2018","US$","769.433408","X","Ciffre de sources internationales",""
"MK","Indicateurs macro","662","Sainte-Lucie","6110","Valeur US $","22008","Produit Intérieur Brut","2018","2018","Millions d’USD","2065.125926","X","Ciffre de sources internationales",""
"MK","Indicateurs macro","662","Sainte-Lucie","6119","Valeur US $ par habitant","22008","Produit Intérieur Brut","2018","2018","US$","11609.13567","X","Ciffre de sources internationales",""
"MK","Indicateurs macro","659","Saint-Kitts-et-Nevis","6110","Valeur US $","22008","Produit Intérieur Brut","2018","2018","Millions d’USD","1076.922222","X","Ciffre de sources internationales",""
"MK","Indicateurs macro","659","Saint-Kitts-et-Nevis","6119","Valeur US $ par habitant","22008","Produit Intérieur Brut","2018","2018","US$","22548.150625","X","Ciffre de sources internationales",""
"MK","Indicateurs macro","674","Saint-Marin","6110","Valeur US $","22008","Produit Intérieur Brut","2018","2018","Millions d’USD","1655.354304","X","Ciffre de sources internationales",""
"MK","Indicateurs macro","674","Saint-Marin","6119","Valeur US $ par habitant","22008","Produit Intérieur Brut","2018","2018","US$","48464.524652","X","Ciffre de sources internationales",""
"MK","Indicateurs macro","670","Saint-Vincent-et-les Grenadines","6110","Valeur US $","22008","Produit Intérieur Brut","2018","2018","Millions d’USD","884.32963","X","Ciffre de sources internationales",""
"MK","Indicateurs macro","670","Saint-Vincent-et-les Grenadines","6119","Valeur US $ par habitant","22008","Produit Intérieur Brut","2018","2018","US$","8399.707731","X","Ciffre de sources internationales",""
"MK","Indicateurs macro","882","Samoa","6110","Valeur US $","22008","Produit Intérieur Brut","2018","2018","Millions d’USD","894.065272","X","Ciffre de sources internationales",""
"MK","Indicateurs macro","882","Samoa","6119","Valeur US $ par habitant","22008","Produit Intérieur Brut","2018","2018","US$","4263.524123","X","Ciffre de sources internationales",""
"MK","Indicateurs macro","678","Sao Tomé-et-Principe","6110","Valeur US $","22008","Produit Intérieur Brut","2018","2018","Millions d’USD","415.355831","X","Ciffre de sources internationales",""
"MK","Indicateurs macro","678","Sao Tomé-et-Principe","6119","Valeur US $ par habitant","22008","Produit Intérieur Brut","2018","2018","US$","1965.306943","X","Ciffre de sources internationales",""
"MK","Indicateurs macro","686","Sénégal","6110","Valeur US $","22008","Produit Intérieur Brut","2018","2018","Millions d’USD","23116.71954","X","Ciffre de sources internationales",""
"MK","Indicateurs macro","686","Sénégal","6119","Valeur US $ par habitant","22008","Produit Intérieur Brut","2018","2018","US$","1484.228225","X","Ciffre de sources internationales",""
"MK","Indicateurs macro","688","Serbie","6110","Valeur US $","22008","Produit Intérieur Brut","2018","2018","Millions d’USD","50640.66328","X","Ciffre de sources internationales",""
"MK","Indicateurs macro","688","Serbie","6119","Valeur US $ par habitant","22008","Produit Intérieur Brut","2018","2018","US$","6812.201117","X","Ciffre de sources internationales",""
"MK","Indicateurs macro","690","Seychelles","6110","Valeur US $","22008","Produit Intérieur Brut","2018","2018","Millions d’USD","1587.794893","X","Ciffre de sources internationales",""
"MK","Indicateurs macro","690","Seychelles","6119","Valeur US $ par habitant","22008","Produit Intérieur Brut","2018","2018","US$","15400.383052","X","Ciffre de sources internationales",""
"MK","Indicateurs macro","694","Sierra Leone","6110","Valeur US $","22008","Produit Intérieur Brut","2018","2018","Millions d’USD","4085.114769","X","Ciffre de sources internationales",""
"MK","Indicateurs macro","694","Sierra Leone","6119","Valeur US $ par habitant","22008","Produit Intérieur Brut","2018","2018","US$","519.650012","X","Ciffre de sources internationales",""
"MK","Indicateurs macro","702","Singapour","6110","Valeur US $","22008","Produit Intérieur Brut","2018","2018","Millions d’USD","376986.5008","X","Ciffre de sources internationales",""
"MK","Indicateurs macro","702","Singapour","6119","Valeur US $ par habitant","22008","Produit Intérieur Brut","2018","2018","US$","64835.17102","X","Ciffre de sources internationales",""
"MK","Indicateurs macro","534","Sint Maarten (partie néerlandaise)","6110","Valeur US $","22008","Produit Intérieur Brut","2018","2018","Millions d’USD","1290.502793","X","Ciffre de sources internationales",""
"MK","Indicateurs macro","534","Sint Maarten (partie néerlandaise)","6119","Valeur US $ par habitant","22008","Produit Intérieur Brut","2018","2018","US$","30547.33686","X","Ciffre de sources internationales",""
"MK","Indicateurs macro","703","Slovaquie","6110","Valeur US $","22008","Produit Intérieur Brut","2018","2018","Millions d’USD","106137.924","X","Ciffre de sources internationales",""
"MK","Indicateurs macro","703","Slovaquie","6119","Valeur US $ par habitant","22008","Produit Intérieur Brut","2018","2018","US$","19486.4867","X","Ciffre de sources internationales",""
"MK","Indicateurs macro","705","Slovénie","6110","Valeur US $","22008","Produit Intérieur Brut","2018","2018","Millions d’USD","54177.88243","X","Ciffre de sources internationales",""
"MK","Indicateurs macro","705","Slovénie","6119","Valeur US $ par habitant","22008","Produit Intérieur Brut","2018","2018","US$","25726.418631","X","Ciffre de sources internationales",""
"MK","Indicateurs macro","706","Somalie","6110","Valeur US $","22008","Produit Intérieur Brut","2018","2018","Millions d’USD","5856.433389","X","Ciffre de sources internationales",""
"MK","Indicateurs macro","706","Somalie","6119","Valeur US $ par habitant","22008","Produit Intérieur Brut","2018","2018","US$","380.014124","X","Ciffre de sources internationales",""
"MK","Indicateurs macro","729","Soudan","6110","Valeur US $","22008","Produit Intérieur Brut","2018","2018","Millions d’USD","48363.44729","X","Ciffre de sources internationales",""
"MK","Indicateurs macro","729","Soudan","6119","Valeur US $ par habitant","22008","Produit Intérieur Brut","2018","2018","US$","1151.53645","X","Ciffre de sources internationales",""
"MK","Indicateurs macro","728","Soudan du Sud","6110","Valeur US $","22008","Produit Intérieur Brut","2018","2018","Millions d’USD","3797.75182","X","Ciffre de sources internationales",""
"MK","Indicateurs macro","728","Soudan du Sud","6119","Valeur US $ par habitant","22008","Produit Intérieur Brut","2018","2018","US$","365.332528","X","Ciffre de sources internationales",""
"MK","Indicateurs macro","144","Sri Lanka","6110","Valeur US $","22008","Produit Intérieur Brut","2018","2018","Millions d’USD","87963.06544","X","Ciffre de sources internationales",""
"MK","Indicateurs macro","144","Sri Lanka","6119","Valeur US $ par habitant","22008","Produit Intérieur Brut","2018","2018","US$","4076.004239","X","Ciffre de sources internationales",""
"MK","Indicateurs macro","752","Suède","6110","Valeur US $","22008","Produit Intérieur Brut","2018","2018","Millions d’USD","555455.3715","X","Ciffre de sources internationales",""
"MK","Indicateurs macro","752","Suède","6119","Valeur US $ par habitant","22008","Produit Intérieur Brut","2018","2018","US$","54658.441575","X","Ciffre de sources internationales",""
"MK","Indicateurs macro","756","Suisse","6110","Valeur US $","22008","Produit Intérieur Brut","2018","2018","Millions d’USD","735539.3016","X","Ciffre de sources internationales",""
"MK","Indicateurs macro","756","Suisse","6119","Valeur US $ par habitant","22008","Produit Intérieur Brut","2018","2018","US$","86387.339616","X","Ciffre de sources internationales",""
"MK","Indicateurs macro","740","Suriname","6110","Valeur US $","22008","Produit Intérieur Brut","2018","2018","Millions d’USD","3771.43099","X","Ciffre de sources internationales",""
"MK","Indicateurs macro","740","Suriname","6119","Valeur US $ par habitant","22008","Produit Intérieur Brut","2018","2018","US$","6352.258222","X","Ciffre de sources internationales",""
"MK","Indicateurs macro","762","Tadjikistan","6110","Valeur US $","22008","Produit Intérieur Brut","2018","2018","Millions d’USD","7765.000282","X","Ciffre de sources internationales",""
"MK","Indicateurs macro","762","Tadjikistan","6119","Valeur US $ par habitant","22008","Produit Intérieur Brut","2018","2018","US$","850.666958","X","Ciffre de sources internationales",""
"MK","Indicateurs macro","148","Tchad","6110","Valeur US $","22008","Produit Intérieur Brut","2018","2018","Millions d’USD","15362.28717","X","Ciffre de sources internationales",""
"MK","Indicateurs macro","148","Tchad","6119","Valeur US $ par habitant","22008","Produit Intérieur Brut","2018","2018","US$","984.49631","X","Ciffre de sources internationales",""
"MK","Indicateurs macro","203","Tchéquie","6110","Valeur US $","22008","Produit Intérieur Brut","2018","2018","Millions d’USD","249000.5407","X","Ciffre de sources internationales",""
"MK","Indicateurs macro","203","Tchéquie","6119","Valeur US $ par habitant","22008","Produit Intérieur Brut","2018","2018","US$","23636.465187","X","Ciffre de sources internationales",""
"MK","Indicateurs macro","764","Thaïlande","6110","Valeur US $","22008","Produit Intérieur Brut","2018","2018","Millions d’USD","506754.2124","X","Ciffre de sources internationales",""
"MK","Indicateurs macro","764","Thaïlande","6119","Valeur US $ par habitant","22008","Produit Intérieur Brut","2018","2018","US$","7124.558867","X","Ciffre de sources internationales",""
"MK","Indicateurs macro","626","Timor-Leste","6110","Valeur US $","22008","Produit Intérieur Brut","2018","2018","Millions d’USD","1583.876223","X","Ciffre de sources internationales",""
"MK","Indicateurs macro","626","Timor-Leste","6119","Valeur US $ par habitant","22008","Produit Intérieur Brut","2018","2018","US$","1255.20664","X","Ciffre de sources internationales",""
"MK","Indicateurs macro","768","Togo","6110","Valeur US $","22008","Produit Intérieur Brut","2018","2018","Millions d’USD","7029.215761","X","Ciffre de sources internationales",""
"MK","Indicateurs macro","768","Togo","6119","Valeur US $ par habitant","22008","Produit Intérieur Brut","2018","2018","US$","873.554887","X","Ciffre de sources internationales",""
"MK","Indicateurs macro","776","Tonga","6110","Valeur US $","22008","Produit Intérieur Brut","2018","2018","Millions d’USD","479.553601","X","Ciffre de sources internationales",""
"MK","Indicateurs macro","776","Tonga","6119","Valeur US $ par habitant","22008","Produit Intérieur Brut","2018","2018","US$","4560.66192","X","Ciffre de sources internationales",""
"MK","Indicateurs macro","780","Trinité-et-Tobago","6110","Valeur US $","22008","Produit Intérieur Brut","2018","2018","Millions d’USD","24322.53024","X","Ciffre de sources internationales",""
"MK","Indicateurs macro","780","Trinité-et-Tobago","6119","Valeur US $ par habitant","22008","Produit Intérieur Brut","2018","2018","US$","16164.275112","X","Ciffre de sources internationales",""
"MK","Indicateurs macro","788","Tunisie","6110","Valeur US $","22008","Produit Intérieur Brut","2018","2018","Millions d’USD","42686.50984","X","Ciffre de sources internationales",""
"MK","Indicateurs macro","788","Tunisie","6119","Valeur US $ par habitant","22008","Produit Intérieur Brut","2018","2018","US$","3577.169461","X","Ciffre de sources internationales",""
"MK","Indicateurs macro","795","Turkménistan","6110","Valeur US $","22008","Produit Intérieur Brut","2018","2018","Millions d’USD","42230.88057","X","Ciffre de sources internationales",""
"MK","Indicateurs macro","795","Turkménistan","6119","Valeur US $ par habitant","22008","Produit Intérieur Brut","2018","2018","US$","6962.971313","X","Ciffre de sources internationales",""
"MK","Indicateurs macro","792","Turquie","6110","Valeur US $","22008","Produit Intérieur Brut","2018","2018","Millions d’USD","778476.7142","X","Ciffre de sources internationales",""
"MK","Indicateurs macro","792","Turquie","6119","Valeur US $ par habitant","22008","Produit Intérieur Brut","2018","2018","US$","9400.836338","X","Ciffre de sources internationales",""
"MK","Indicateurs macro","798","Tuvalu","6110","Valeur US $","22008","Produit Intérieur Brut","2018","2018","Millions d’USD","48.042003","X","Ciffre de sources internationales",""
"MK","Indicateurs macro","798","Tuvalu","6119","Valeur US $ par habitant","22008","Produit Intérieur Brut","2018","2018","US$","4421.721374","X","Ciffre de sources internationales",""
"MK","Indicateurs macro","804","Ukraine","6110","Valeur US $","22008","Produit Intérieur Brut","2018","2018","Millions d’USD","130891.0867","X","Ciffre de sources internationales",""
"MK","Indicateurs macro","804","Ukraine","6119","Valeur US $ par habitant","22008","Produit Intérieur Brut","2018","2018","US$","2944.883168","X","Ciffre de sources internationales",""
"MK","Indicateurs macro","858","Uruguay","6110","Valeur US $","22008","Produit Intérieur Brut","2018","2018","Millions d’USD","64515.12576","X","Ciffre de sources internationales",""
"MK","Indicateurs macro","858","Uruguay","6119","Valeur US $ par habitant","22008","Produit Intérieur Brut","2018","2018","US$","18825.309337","X","Ciffre de sources internationales",""
"MK","Indicateurs macro","548","Vanuatu","6110","Valeur US $","22008","Produit Intérieur Brut","2018","2018","Millions d’USD","914.701139","X","Ciffre de sources internationales",""
"MK","Indicateurs macro","548","Vanuatu","6119","Valeur US $ par habitant","22008","Produit Intérieur Brut","2018","2018","US$","3076.714741","X","Ciffre de sources internationales",""
"MK","Indicateurs macro","862","Venezuela (République bolivarienne du)","6110","Valeur US $","22008","Produit Intérieur Brut","2018","2018","Millions d’USD","204076.9074","X","Ciffre de sources internationales",""
"MK","Indicateurs macro","862","Venezuela (République bolivarienne du)","6119","Valeur US $ par habitant","22008","Produit Intérieur Brut","2018","2018","US$","6842.328227","X","Ciffre de sources internationales",""
"MK","Indicateurs macro","704","Viet Nam","6110","Valeur US $","22008","Produit Intérieur Brut","2018","2018","Millions d’USD","245213.6806","X","Ciffre de sources internationales",""
"MK","Indicateurs macro","704","Viet Nam","6119","Valeur US $ par habitant","22008","Produit Intérieur Brut","2018","2018","US$","2583.526435","X","Ciffre de sources internationales",""
"MK","Indicateurs macro","887","Yémen","6110","Valeur US $","22008","Produit Intérieur Brut","2018","2018","Millions d’USD","26671.5795","X","Ciffre de sources internationales",""
"MK","Indicateurs macro","887","Yémen","6119","Valeur US $ par habitant","22008","Produit Intérieur Brut","2018","2018","US$","866.227188","X","Ciffre de sources internationales",""
"MK","Indicateurs macro","894","Zambie","6110","Valeur US $","22008","Produit Intérieur Brut","2018","2018","Millions d’USD","26311.98474","X","Ciffre de sources internationales",""
"MK","Indicateurs macro","894","Zambie","6119","Valeur US $ par habitant","22008","Produit Intérieur Brut","2018","2018","US$","1475.226653","X","Ciffre de sources internationales",""
"MK","Indicateurs macro","716","Zimbabwe","6110","Valeur US $","22008","Produit Intérieur Brut","2018","2018","Millions d’USD","23645.26555","X","Ciffre de sources internationales",""
"MK","Indicateurs macro","716","Zimbabwe","6119","Valeur US $ par habitant","22008","Produit Intérieur Brut","2018","2018","US$","1570.886029","X","Ciffre de sources internationales",""
