Code Domaine,Domaine,Code zone (M49),Zone,Code Élément,Élément,Code Produit (CPC),Produit,Code année,Année,Unité,Valeur,Symbole,Description du Symbole
"FBS","Bilans Alimentaires (2010-)","528","Pays-Bas (Royaume des)","511","Population totale","F2501","Population","2010","2010","1000 personnes","16615","X","Ciffre de sources internationales"
"FBS","Bilans Alimentaires (2010-)","528","Pays-Bas (Royaume des)","511","Population totale","F2501","Population","2018","2018","1000 personnes","17060","X","Ciffre de sources internationales"
"FBS","Bilans Alimentaires (2010-)","004","Afghanistan","511","Population totale","F2501","Population","2010","2010","1000 personnes","29186","X","Ciffre de sources internationales"
"FBS","Bilans Alimentaires (2010-)","004","Afghanistan","511","Population totale","F2501","Population","2018","2018","1000 personnes","37172","X","Ciffre de sources internationales"
"FBS","Bilans Alimentaires (2010-)","710","Afrique du Sud","511","Population totale","F2501","Population","2010","2010","1000 personnes","51217","X","Ciffre de sources internationales"
"FBS","Bilans Alimentaires (2010-)","710","Afrique du Sud","511","Population totale","F2501","Population","2018","2018","1000 personnes","57793","X","Ciffre de sources internationales"
"FBS","Bilans Alimentaires (2010-)","008","Albanie","511","Population totale","F2501","Population","2010","2010","1000 personnes","2948","X","Ciffre de sources internationales"
"FBS","Bilans Alimentaires (2010-)","008","Albanie","511","Population totale","F2501","Population","2018","2018","1000 personnes","2883","X","Ciffre de sources internationales"
"FBS","Bilans Alimentaires (2010-)","012","Algérie","511","Population totale","F2501","Population","2010","2010","1000 personnes","35977","X","Ciffre de sources internationales"
"FBS","Bilans Alimentaires (2010-)","012","Algérie","511","Population totale","F2501","Population","2018","2018","1000 personnes","42228","X","Ciffre de sources internationales"
"FBS","Bilans Alimentaires (2010-)","276","Allemagne","511","Population totale","F2501","Population","2010","2010","1000 personnes","83017","X","Ciffre de sources internationales"
"FBS","Bilans Alimentaires (2010-)","276","Allemagne","511","Population totale","F2501","Population","2018","2018","1000 personnes","83124","X","Ciffre de sources internationales"
"FBS","Bilans Alimentaires (2010-)","024","Angola","511","Population totale","F2501","Population","2010","2010","1000 personnes","23356","X","Ciffre de sources internationales"
"FBS","Bilans Alimentaires (2010-)","024","Angola","511","Population totale","F2501","Population","2018","2018","1000 personnes","30810","X","Ciffre de sources internationales"
"FBS","Bilans Alimentaires (2010-)","028","Antigua-et-Barbuda","511","Population totale","F2501","Population","2010","2010","1000 personnes","88","X","Ciffre de sources internationales"
"FBS","Bilans Alimentaires (2010-)","028","Antigua-et-Barbuda","511","Population totale","F2501","Population","2018","2018","1000 personnes","96","X","Ciffre de sources internationales"
"FBS","Bilans Alimentaires (2010-)","682","Arabie saoudite","511","Population totale","F2501","Population","2010","2010","1000 personnes","27258","X","Ciffre de sources internationales"
"FBS","Bilans Alimentaires (2010-)","682","Arabie saoudite","511","Population totale","F2501","Population","2018","2018","1000 personnes","33703","X","Ciffre de sources internationales"
"FBS","Bilans Alimentaires (2010-)","032","Argentine","511","Population totale","F2501","Population","2010","2010","1000 personnes","40896","X","Ciffre de sources internationales"
"FBS","Bilans Alimentaires (2010-)","032","Argentine","511","Population totale","F2501","Population","2018","2018","1000 personnes","44361","X","Ciffre de sources internationales"
"FBS","Bilans Alimentaires (2010-)","051","Arménie","511","Population totale","F2501","Population","2010","2010","1000 personnes","2877.32","X","Ciffre de sources internationales"
"FBS","Bilans Alimentaires (2010-)","051","Arménie","511","Population totale","F2501","Population","2018","2018","1000 personnes","2951.74","X","Ciffre de sources internationales"
"FBS","Bilans Alimentaires (2010-)","036","Australie","511","Population totale","F2501","Population","2010","2010","1000 personnes","22155","X","Ciffre de sources internationales"
"FBS","Bilans Alimentaires (2010-)","036","Australie","511","Population totale","F2501","Population","2018","2018","1000 personnes","24898","X","Ciffre de sources internationales"
"FBS","Bilans Alimentaires (2010-)","040","Autriche","511","Population totale","F2501","Population","2010","2010","1000 personnes","8410","X","Ciffre de sources internationales"
"FBS","Bilans Alimentaires (2010-)","040","Autriche","511","Population totale","F2501","Population","2018","2018","1000 personnes","8891","X","Ciffre de sources internationales"
"FBS","Bilans Alimentaires (2010-)","031","Azerbaïdjan","511","Population totale","F2501","Population","2010","2010","1000 personnes","9032","X","Ciffre de sources internationales"
"FBS","Bilans Alimentaires (2010-)","031","Azerbaïdjan","511","Population totale","F2501","Population","2018","2018","1000 personnes","9949.54","X","Ciffre de sources internationales"
"FBS","Bilans Alimentaires (2010-)","044","Bahamas","511","Population totale","F2501","Population","2010","2010","1000 personnes","355","X","Ciffre de sources internationales"
"FBS","Bilans Alimentaires (2010-)","044","Bahamas","511","Population totale","F2501","Population","2018","2018","1000 personnes","386","X","Ciffre de sources internationales"
"FBS","Bilans Alimentaires (2010-)","050","Bangladesh","511","Population totale","F2501","Population","2010","2010","1000 personnes","147575","X","Ciffre de sources internationales"
"FBS","Bilans Alimentaires (2010-)","050","Bangladesh","511","Population totale","F2501","Population","2018","2018","1000 personnes","161377","X","Ciffre de sources internationales"
"FBS","Bilans Alimentaires (2010-)","052","Barbade","511","Population totale","F2501","Population","2010","2010","1000 personnes","282","X","Ciffre de sources internationales"
"FBS","Bilans Alimentaires (2010-)","052","Barbade","511","Population totale","F2501","Population","2018","2018","1000 personnes","287","X","Ciffre de sources internationales"
"FBS","Bilans Alimentaires (2010-)","112","Bélarus","511","Population totale","F2501","Population","2010","2010","1000 personnes","9421","X","Ciffre de sources internationales"
"FBS","Bilans Alimentaires (2010-)","112","Bélarus","511","Population totale","F2501","Population","2018","2018","1000 personnes","9453","X","Ciffre de sources internationales"
"FBS","Bilans Alimentaires (2010-)","056","Belgique","511","Population totale","F2501","Population","2010","2010","1000 personnes","10941","X","Ciffre de sources internationales"
"FBS","Bilans Alimentaires (2010-)","056","Belgique","511","Population totale","F2501","Population","2018","2018","1000 personnes","11482","X","Ciffre de sources internationales"
"FBS","Bilans Alimentaires (2010-)","084","Belize","511","Population totale","F2501","Population","2010","2010","1000 personnes","322","X","Ciffre de sources internationales"
"FBS","Bilans Alimentaires (2010-)","084","Belize","511","Population totale","F2501","Population","2018","2018","1000 personnes","383","X","Ciffre de sources internationales"
"FBS","Bilans Alimentaires (2010-)","204","Bénin","511","Population totale","F2501","Population","2010","2010","1000 personnes","9199","X","Ciffre de sources internationales"
"FBS","Bilans Alimentaires (2010-)","204","Bénin","511","Population totale","F2501","Population","2018","2018","1000 personnes","11485","X","Ciffre de sources internationales"
"FBS","Bilans Alimentaires (2010-)","068","Bolivie (État plurinational de)","511","Population totale","F2501","Population","2010","2010","1000 personnes","10049","X","Ciffre de sources internationales"
"FBS","Bilans Alimentaires (2010-)","068","Bolivie (État plurinational de)","511","Population totale","F2501","Population","2018","2018","1000 personnes","11353","X","Ciffre de sources internationales"
"FBS","Bilans Alimentaires (2010-)","070","Bosnie-Herzégovine","511","Population totale","F2501","Population","2010","2010","1000 personnes","3705","X","Ciffre de sources internationales"
"FBS","Bilans Alimentaires (2010-)","070","Bosnie-Herzégovine","511","Population totale","F2501","Population","2018","2018","1000 personnes","3324","X","Ciffre de sources internationales"
"FBS","Bilans Alimentaires (2010-)","072","Botswana","511","Population totale","F2501","Population","2010","2010","1000 personnes","1987","X","Ciffre de sources internationales"
"FBS","Bilans Alimentaires (2010-)","072","Botswana","511","Population totale","F2501","Population","2018","2018","1000 personnes","2254","X","Ciffre de sources internationales"
"FBS","Bilans Alimentaires (2010-)","076","Brésil","511","Population totale","F2501","Population","2010","2010","1000 personnes","195714","X","Ciffre de sources internationales"
"FBS","Bilans Alimentaires (2010-)","076","Brésil","511","Population totale","F2501","Population","2018","2018","1000 personnes","209469","X","Ciffre de sources internationales"
"FBS","Bilans Alimentaires (2010-)","100","Bulgarie","511","Population totale","F2501","Population","2010","2010","1000 personnes","7425","X","Ciffre de sources internationales"
"FBS","Bilans Alimentaires (2010-)","100","Bulgarie","511","Population totale","F2501","Population","2018","2018","1000 personnes","7052","X","Ciffre de sources internationales"
"FBS","Bilans Alimentaires (2010-)","854","Burkina Faso","511","Population totale","F2501","Population","2010","2010","1000 personnes","15605","X","Ciffre de sources internationales"
"FBS","Bilans Alimentaires (2010-)","854","Burkina Faso","511","Population totale","F2501","Population","2018","2018","1000 personnes","19751","X","Ciffre de sources internationales"
"FBS","Bilans Alimentaires (2010-)","108","Burundi","511","Population totale","F2501","Population","2018","2018","1000 personnes","11175.37","X","Ciffre de sources internationales"
"FBS","Bilans Alimentaires (2010-)","132","Cabo Verde","511","Population totale","F2501","Population","2010","2010","1000 personnes","493","X","Ciffre de sources internationales"
"FBS","Bilans Alimentaires (2010-)","132","Cabo Verde","511","Population totale","F2501","Population","2018","2018","1000 personnes","544","X","Ciffre de sources internationales"
"FBS","Bilans Alimentaires (2010-)","116","Cambodge","511","Population totale","F2501","Population","2010","2010","1000 personnes","14312","X","Ciffre de sources internationales"
"FBS","Bilans Alimentaires (2010-)","116","Cambodge","511","Population totale","F2501","Population","2018","2018","1000 personnes","16250","X","Ciffre de sources internationales"
"FBS","Bilans Alimentaires (2010-)","120","Cameroun","511","Population totale","F2501","Population","2010","2010","1000 personnes","20341","X","Ciffre de sources internationales"
"FBS","Bilans Alimentaires (2010-)","120","Cameroun","511","Population totale","F2501","Population","2018","2018","1000 personnes","25216","X","Ciffre de sources internationales"
"FBS","Bilans Alimentaires (2010-)","124","Canada","511","Population totale","F2501","Population","2010","2010","1000 personnes","34148","X","Ciffre de sources internationales"
"FBS","Bilans Alimentaires (2010-)","124","Canada","511","Population totale","F2501","Population","2018","2018","1000 personnes","37075","X","Ciffre de sources internationales"
"FBS","Bilans Alimentaires (2010-)","152","Chili","511","Population totale","F2501","Population","2010","2010","1000 personnes","17063","X","Ciffre de sources internationales"
"FBS","Bilans Alimentaires (2010-)","152","Chili","511","Population totale","F2501","Population","2018","2018","1000 personnes","18729","X","Ciffre de sources internationales"
"FBS","Bilans Alimentaires (2010-)","159","Chine","511","Population totale","F2501","Population","2010","2010","1000 personnes","1399503","X","Ciffre de sources internationales"
"FBS","Bilans Alimentaires (2010-)","159","Chine","511","Population totale","F2501","Population","2018","2018","1000 personnes","1459378","X","Ciffre de sources internationales"
"FBS","Bilans Alimentaires (2010-)","344","Chine - RAS de Hong-Kong","511","Population totale","F2501","Population","2010","2010","1000 personnes","6966","X","Ciffre de sources internationales"
"FBS","Bilans Alimentaires (2010-)","344","Chine - RAS de Hong-Kong","511","Population totale","F2501","Population","2018","2018","1000 personnes","7372","X","Ciffre de sources internationales"
"FBS","Bilans Alimentaires (2010-)","446","Chine - RAS de Macao","511","Population totale","F2501","Population","2010","2010","1000 personnes","538","X","Ciffre de sources internationales"
"FBS","Bilans Alimentaires (2010-)","446","Chine - RAS de Macao","511","Population totale","F2501","Population","2018","2018","1000 personnes","632","X","Ciffre de sources internationales"
"FBS","Bilans Alimentaires (2010-)","156","Chine, continentale","511","Population totale","F2501","Population","2010","2010","1000 personnes","1368811","X","Ciffre de sources internationales"
"FBS","Bilans Alimentaires (2010-)","156","Chine, continentale","511","Population totale","F2501","Population","2018","2018","1000 personnes","1427648","X","Ciffre de sources internationales"
"FBS","Bilans Alimentaires (2010-)","158","Chine, Taiwan Province de","511","Population totale","F2501","Population","2010","2010","1000 personnes","23188","X","Ciffre de sources internationales"
"FBS","Bilans Alimentaires (2010-)","158","Chine, Taiwan Province de","511","Population totale","F2501","Population","2018","2018","1000 personnes","23726","X","Ciffre de sources internationales"
"FBS","Bilans Alimentaires (2010-)","196","Chypre","511","Population totale","F2501","Population","2010","2010","1000 personnes","1113","X","Ciffre de sources internationales"
"FBS","Bilans Alimentaires (2010-)","196","Chypre","511","Population totale","F2501","Population","2018","2018","1000 personnes","1189","X","Ciffre de sources internationales"
"FBS","Bilans Alimentaires (2010-)","170","Colombie","511","Population totale","F2501","Population","2010","2010","1000 personnes","45223","X","Ciffre de sources internationales"
"FBS","Bilans Alimentaires (2010-)","170","Colombie","511","Population totale","F2501","Population","2018","2018","1000 personnes","49661","X","Ciffre de sources internationales"
"FBS","Bilans Alimentaires (2010-)","174","Comores","511","Population totale","F2501","Population","2010","2010","1000 personnes","690","X","Ciffre de sources internationales"
"FBS","Bilans Alimentaires (2010-)","174","Comores","511","Population totale","F2501","Population","2018","2018","1000 personnes","832","X","Ciffre de sources internationales"
"FBS","Bilans Alimentaires (2010-)","178","Congo","511","Population totale","F2501","Population","2010","2010","1000 personnes","4274","X","Ciffre de sources internationales"
"FBS","Bilans Alimentaires (2010-)","178","Congo","511","Population totale","F2501","Population","2018","2018","1000 personnes","5244","X","Ciffre de sources internationales"
"FBS","Bilans Alimentaires (2010-)","188","Costa Rica","511","Population totale","F2501","Population","2010","2010","1000 personnes","4577","X","Ciffre de sources internationales"
"FBS","Bilans Alimentaires (2010-)","188","Costa Rica","511","Population totale","F2501","Population","2018","2018","1000 personnes","4999","X","Ciffre de sources internationales"
"FBS","Bilans Alimentaires (2010-)","384","Côte d'Ivoire","511","Population totale","F2501","Population","2010","2010","1000 personnes","20533","X","Ciffre de sources internationales"
"FBS","Bilans Alimentaires (2010-)","384","Côte d'Ivoire","511","Population totale","F2501","Population","2018","2018","1000 personnes","25069","X","Ciffre de sources internationales"
"FBS","Bilans Alimentaires (2010-)","191","Croatie","511","Population totale","F2501","Population","2010","2010","1000 personnes","4338","X","Ciffre de sources internationales"
"FBS","Bilans Alimentaires (2010-)","191","Croatie","511","Population totale","F2501","Population","2018","2018","1000 personnes","4156","X","Ciffre de sources internationales"
"FBS","Bilans Alimentaires (2010-)","192","Cuba","511","Population totale","F2501","Population","2010","2010","1000 personnes","11226","X","Ciffre de sources internationales"
"FBS","Bilans Alimentaires (2010-)","192","Cuba","511","Population totale","F2501","Population","2018","2018","1000 personnes","11338","X","Ciffre de sources internationales"
"FBS","Bilans Alimentaires (2010-)","208","Danemark","511","Population totale","F2501","Population","2010","2010","1000 personnes","5555","X","Ciffre de sources internationales"
"FBS","Bilans Alimentaires (2010-)","208","Danemark","511","Population totale","F2501","Population","2018","2018","1000 personnes","5752","X","Ciffre de sources internationales"
"FBS","Bilans Alimentaires (2010-)","262","Djibouti","511","Population totale","F2501","Population","2010","2010","1000 personnes","840","X","Ciffre de sources internationales"
"FBS","Bilans Alimentaires (2010-)","262","Djibouti","511","Population totale","F2501","Population","2018","2018","1000 personnes","959","X","Ciffre de sources internationales"
"FBS","Bilans Alimentaires (2010-)","212","Dominique","511","Population totale","F2501","Population","2010","2010","1000 personnes","71","X","Ciffre de sources internationales"
"FBS","Bilans Alimentaires (2010-)","212","Dominique","511","Population totale","F2501","Population","2018","2018","1000 personnes","72","X","Ciffre de sources internationales"
"FBS","Bilans Alimentaires (2010-)","818","Égypte","511","Population totale","F2501","Population","2010","2010","1000 personnes","82761","X","Ciffre de sources internationales"
"FBS","Bilans Alimentaires (2010-)","818","Égypte","511","Population totale","F2501","Population","2018","2018","1000 personnes","98424","X","Ciffre de sources internationales"
"FBS","Bilans Alimentaires (2010-)","222","El Salvador","511","Population totale","F2501","Population","2010","2010","1000 personnes","6184","X","Ciffre de sources internationales"
"FBS","Bilans Alimentaires (2010-)","222","El Salvador","511","Population totale","F2501","Population","2018","2018","1000 personnes","6421","X","Ciffre de sources internationales"
"FBS","Bilans Alimentaires (2010-)","784","Émirats arabes unis","511","Population totale","F2501","Population","2010","2010","1000 personnes","8549.99","X","Ciffre de sources internationales"
"FBS","Bilans Alimentaires (2010-)","784","Émirats arabes unis","511","Population totale","F2501","Population","2018","2018","1000 personnes","9630.96","X","Ciffre de sources internationales"
"FBS","Bilans Alimentaires (2010-)","218","Équateur","511","Population totale","F2501","Population","2010","2010","1000 personnes","15011","X","Ciffre de sources internationales"
"FBS","Bilans Alimentaires (2010-)","218","Équateur","511","Population totale","F2501","Population","2018","2018","1000 personnes","17084","X","Ciffre de sources internationales"
"FBS","Bilans Alimentaires (2010-)","724","Espagne","511","Population totale","F2501","Population","2010","2010","1000 personnes","46182","X","Ciffre de sources internationales"
"FBS","Bilans Alimentaires (2010-)","724","Espagne","511","Population totale","F2501","Population","2018","2018","1000 personnes","46693","X","Ciffre de sources internationales"
"FBS","Bilans Alimentaires (2010-)","233","Estonie","511","Population totale","F2501","Population","2010","2010","1000 personnes","1299","X","Ciffre de sources internationales"
"FBS","Bilans Alimentaires (2010-)","233","Estonie","511","Population totale","F2501","Population","2018","2018","1000 personnes","1323","X","Ciffre de sources internationales"
"FBS","Bilans Alimentaires (2010-)","748","Eswatini","511","Population totale","F2501","Population","2010","2010","1000 personnes","1065","X","Ciffre de sources internationales"
"FBS","Bilans Alimentaires (2010-)","748","Eswatini","511","Population totale","F2501","Population","2018","2018","1000 personnes","1136","X","Ciffre de sources internationales"
"FBS","Bilans Alimentaires (2010-)","840","États-Unis d'Amérique","511","Population totale","F2501","Population","2010","2010","1000 personnes","312247","X","Ciffre de sources internationales"
"FBS","Bilans Alimentaires (2010-)","840","États-Unis d'Amérique","511","Population totale","F2501","Population","2018","2018","1000 personnes","327096","X","Ciffre de sources internationales"
"FBS","Bilans Alimentaires (2010-)","231","Éthiopie","511","Population totale","F2501","Population","2010","2010","1000 personnes","87640","X","Ciffre de sources internationales"
"FBS","Bilans Alimentaires (2010-)","231","Éthiopie","511","Population totale","F2501","Population","2018","2018","1000 personnes","109224","X","Ciffre de sources internationales"
"FBS","Bilans Alimentaires (2010-)","643","Fédération de Russie","511","Population totale","F2501","Population","2010","2010","1000 personnes","143618","X","Ciffre de sources internationales"
"FBS","Bilans Alimentaires (2010-)","643","Fédération de Russie","511","Population totale","F2501","Population","2018","2018","1000 personnes","145734","X","Ciffre de sources internationales"
"FBS","Bilans Alimentaires (2010-)","242","Fidji","511","Population totale","F2501","Population","2010","2010","1000 personnes","860","X","Ciffre de sources internationales"
"FBS","Bilans Alimentaires (2010-)","242","Fidji","511","Population totale","F2501","Population","2018","2018","1000 personnes","883","X","Ciffre de sources internationales"
"FBS","Bilans Alimentaires (2010-)","246","Finlande","511","Population totale","F2501","Population","2010","2010","1000 personnes","5366","X","Ciffre de sources internationales"
"FBS","Bilans Alimentaires (2010-)","246","Finlande","511","Population totale","F2501","Population","2018","2018","1000 personnes","5523","X","Ciffre de sources internationales"
"FBS","Bilans Alimentaires (2010-)","250","France","511","Population totale","F2501","Population","2010","2010","1000 personnes","63231","X","Ciffre de sources internationales"
"FBS","Bilans Alimentaires (2010-)","250","France","511","Population totale","F2501","Population","2018","2018","1000 personnes","66931","X","Ciffre de sources internationales"
"FBS","Bilans Alimentaires (2010-)","266","Gabon","511","Population totale","F2501","Population","2010","2010","1000 personnes","1624","X","Ciffre de sources internationales"
"FBS","Bilans Alimentaires (2010-)","266","Gabon","511","Population totale","F2501","Population","2018","2018","1000 personnes","2119","X","Ciffre de sources internationales"
"FBS","Bilans Alimentaires (2010-)","270","Gambie","511","Population totale","F2501","Population","2010","2010","1000 personnes","1793","X","Ciffre de sources internationales"
"FBS","Bilans Alimentaires (2010-)","270","Gambie","511","Population totale","F2501","Population","2018","2018","1000 personnes","2280","X","Ciffre de sources internationales"
"FBS","Bilans Alimentaires (2010-)","268","Géorgie","511","Population totale","F2501","Population","2010","2010","1000 personnes","4099","X","Ciffre de sources internationales"
"FBS","Bilans Alimentaires (2010-)","268","Géorgie","511","Population totale","F2501","Population","2018","2018","1000 personnes","4002.94","X","Ciffre de sources internationales"
"FBS","Bilans Alimentaires (2010-)","288","Ghana","511","Population totale","F2501","Population","2010","2010","1000 personnes","24780","X","Ciffre de sources internationales"
"FBS","Bilans Alimentaires (2010-)","288","Ghana","511","Population totale","F2501","Population","2018","2018","1000 personnes","29767","X","Ciffre de sources internationales"
"FBS","Bilans Alimentaires (2010-)","300","Grèce","511","Population totale","F2501","Population","2010","2010","1000 personnes","11110","X","Ciffre de sources internationales"
"FBS","Bilans Alimentaires (2010-)","300","Grèce","511","Population totale","F2501","Population","2018","2018","1000 personnes","10522","X","Ciffre de sources internationales"
"FBS","Bilans Alimentaires (2010-)","308","Grenade","511","Population totale","F2501","Population","2010","2010","1000 personnes","106","X","Ciffre de sources internationales"
"FBS","Bilans Alimentaires (2010-)","308","Grenade","511","Population totale","F2501","Population","2018","2018","1000 personnes","111","X","Ciffre de sources internationales"
"FBS","Bilans Alimentaires (2010-)","320","Guatemala","511","Population totale","F2501","Population","2010","2010","1000 personnes","14630","X","Ciffre de sources internationales"
"FBS","Bilans Alimentaires (2010-)","320","Guatemala","511","Population totale","F2501","Population","2018","2018","1000 personnes","17248","X","Ciffre de sources internationales"
"FBS","Bilans Alimentaires (2010-)","324","Guinée","511","Population totale","F2501","Population","2010","2010","1000 personnes","10192","X","Ciffre de sources internationales"
"FBS","Bilans Alimentaires (2010-)","324","Guinée","511","Population totale","F2501","Population","2018","2018","1000 personnes","12414","X","Ciffre de sources internationales"
"FBS","Bilans Alimentaires (2010-)","624","Guinée-Bissau","511","Population totale","F2501","Population","2010","2010","1000 personnes","1523","X","Ciffre de sources internationales"
"FBS","Bilans Alimentaires (2010-)","624","Guinée-Bissau","511","Population totale","F2501","Population","2018","2018","1000 personnes","1874","X","Ciffre de sources internationales"
"FBS","Bilans Alimentaires (2010-)","328","Guyana","511","Population totale","F2501","Population","2010","2010","1000 personnes","749","X","Ciffre de sources internationales"
"FBS","Bilans Alimentaires (2010-)","328","Guyana","511","Population totale","F2501","Population","2018","2018","1000 personnes","779.01","X","Ciffre de sources internationales"
"FBS","Bilans Alimentaires (2010-)","332","Haïti","511","Population totale","F2501","Population","2010","2010","1000 personnes","9949","X","Ciffre de sources internationales"
"FBS","Bilans Alimentaires (2010-)","332","Haïti","511","Population totale","F2501","Population","2018","2018","1000 personnes","11123","X","Ciffre de sources internationales"
"FBS","Bilans Alimentaires (2010-)","340","Honduras","511","Population totale","F2501","Population","2010","2010","1000 personnes","8317","X","Ciffre de sources internationales"
"FBS","Bilans Alimentaires (2010-)","340","Honduras","511","Population totale","F2501","Population","2018","2018","1000 personnes","9588","X","Ciffre de sources internationales"
"FBS","Bilans Alimentaires (2010-)","348","Hongrie","511","Population totale","F2501","Population","2010","2010","1000 personnes","10015","X","Ciffre de sources internationales"
"FBS","Bilans Alimentaires (2010-)","348","Hongrie","511","Population totale","F2501","Population","2018","2018","1000 personnes","9707","X","Ciffre de sources internationales"
"FBS","Bilans Alimentaires (2010-)","090","Îles Salomon","511","Population totale","F2501","Population","2010","2010","1000 personnes","528","X","Ciffre de sources internationales"
"FBS","Bilans Alimentaires (2010-)","090","Îles Salomon","511","Population totale","F2501","Population","2018","2018","1000 personnes","653","X","Ciffre de sources internationales"
"FBS","Bilans Alimentaires (2010-)","356","Inde","511","Population totale","F2501","Population","2010","2010","1000 personnes","1234281","X","Ciffre de sources internationales"
"FBS","Bilans Alimentaires (2010-)","356","Inde","511","Population totale","F2501","Population","2018","2018","1000 personnes","1352642.28","X","Ciffre de sources internationales"
"FBS","Bilans Alimentaires (2010-)","360","Indonésie","511","Population totale","F2501","Population","2010","2010","1000 personnes","241834","X","Ciffre de sources internationales"
"FBS","Bilans Alimentaires (2010-)","360","Indonésie","511","Population totale","F2501","Population","2018","2018","1000 personnes","267671","X","Ciffre de sources internationales"
"FBS","Bilans Alimentaires (2010-)","364","Iran (République islamique d')","511","Population totale","F2501","Population","2010","2010","1000 personnes","73763","X","Ciffre de sources internationales"
"FBS","Bilans Alimentaires (2010-)","364","Iran (République islamique d')","511","Population totale","F2501","Population","2018","2018","1000 personnes","81800","X","Ciffre de sources internationales"
"FBS","Bilans Alimentaires (2010-)","368","Iraq","511","Population totale","F2501","Population","2010","2010","1000 personnes","25510","X","Ciffre de sources internationales"
"FBS","Bilans Alimentaires (2010-)","368","Iraq","511","Population totale","F2501","Population","2018","2018","1000 personnes","32965","X","Ciffre de sources internationales"
"FBS","Bilans Alimentaires (2010-)","372","Irlande","511","Population totale","F2501","Population","2010","2010","1000 personnes","4468","X","Ciffre de sources internationales"
"FBS","Bilans Alimentaires (2010-)","372","Irlande","511","Population totale","F2501","Population","2018","2018","1000 personnes","4819","X","Ciffre de sources internationales"
"FBS","Bilans Alimentaires (2010-)","352","Islande","511","Population totale","F2501","Population","2010","2010","1000 personnes","320","X","Ciffre de sources internationales"
"FBS","Bilans Alimentaires (2010-)","352","Islande","511","Population totale","F2501","Population","2018","2018","1000 personnes","337","X","Ciffre de sources internationales"
"FBS","Bilans Alimentaires (2010-)","376","Israël","511","Population totale","F2501","Population","2010","2010","1000 personnes","7346","X","Ciffre de sources internationales"
"FBS","Bilans Alimentaires (2010-)","376","Israël","511","Population totale","F2501","Population","2018","2018","1000 personnes","8382","X","Ciffre de sources internationales"
"FBS","Bilans Alimentaires (2010-)","380","Italie","511","Population totale","F2501","Population","2010","2010","1000 personnes","60509","X","Ciffre de sources internationales"
"FBS","Bilans Alimentaires (2010-)","380","Italie","511","Population totale","F2501","Population","2018","2018","1000 personnes","60627","X","Ciffre de sources internationales"
"FBS","Bilans Alimentaires (2010-)","388","Jamaïque","511","Population totale","F2501","Population","2010","2010","1000 personnes","2810","X","Ciffre de sources internationales"
"FBS","Bilans Alimentaires (2010-)","388","Jamaïque","511","Population totale","F2501","Population","2018","2018","1000 personnes","2935","X","Ciffre de sources internationales"
"FBS","Bilans Alimentaires (2010-)","392","Japon","511","Population totale","F2501","Population","2010","2010","1000 personnes","128542","X","Ciffre de sources internationales"
"FBS","Bilans Alimentaires (2010-)","392","Japon","511","Population totale","F2501","Population","2018","2018","1000 personnes","127202","X","Ciffre de sources internationales"
"FBS","Bilans Alimentaires (2010-)","400","Jordanie","511","Population totale","F2501","Population","2010","2010","1000 personnes","7262","X","Ciffre de sources internationales"
"FBS","Bilans Alimentaires (2010-)","400","Jordanie","511","Population totale","F2501","Population","2018","2018","1000 personnes","9965","X","Ciffre de sources internationales"
"FBS","Bilans Alimentaires (2010-)","398","Kazakhstan","511","Population totale","F2501","Population","2010","2010","1000 personnes","16252","X","Ciffre de sources internationales"
"FBS","Bilans Alimentaires (2010-)","398","Kazakhstan","511","Population totale","F2501","Population","2018","2018","1000 personnes","18320","X","Ciffre de sources internationales"
"FBS","Bilans Alimentaires (2010-)","404","Kenya","511","Population totale","F2501","Population","2010","2010","1000 personnes","42031","X","Ciffre de sources internationales"
"FBS","Bilans Alimentaires (2010-)","404","Kenya","511","Population totale","F2501","Population","2018","2018","1000 personnes","51393","X","Ciffre de sources internationales"
"FBS","Bilans Alimentaires (2010-)","417","Kirghizistan","511","Population totale","F2501","Population","2010","2010","1000 personnes","5422","X","Ciffre de sources internationales"
"FBS","Bilans Alimentaires (2010-)","417","Kirghizistan","511","Population totale","F2501","Population","2018","2018","1000 personnes","6304","X","Ciffre de sources internationales"
"FBS","Bilans Alimentaires (2010-)","296","Kiribati","511","Population totale","F2501","Population","2010","2010","1000 personnes","103","X","Ciffre de sources internationales"
"FBS","Bilans Alimentaires (2010-)","296","Kiribati","511","Population totale","F2501","Population","2018","2018","1000 personnes","116","X","Ciffre de sources internationales"
"FBS","Bilans Alimentaires (2010-)","414","Koweït","511","Population totale","F2501","Population","2010","2010","1000 personnes","2992","X","Ciffre de sources internationales"
"FBS","Bilans Alimentaires (2010-)","414","Koweït","511","Population totale","F2501","Population","2018","2018","1000 personnes","4137","X","Ciffre de sources internationales"
"FBS","Bilans Alimentaires (2010-)","426","Lesotho","511","Population totale","F2501","Population","2010","2010","1000 personnes","1996","X","Ciffre de sources internationales"
"FBS","Bilans Alimentaires (2010-)","426","Lesotho","511","Population totale","F2501","Population","2018","2018","1000 personnes","2108","X","Ciffre de sources internationales"
"FBS","Bilans Alimentaires (2010-)","428","Lettonie","511","Population totale","F2501","Population","2010","2010","1000 personnes","2091","X","Ciffre de sources internationales"
"FBS","Bilans Alimentaires (2010-)","428","Lettonie","511","Population totale","F2501","Population","2018","2018","1000 personnes","1928","X","Ciffre de sources internationales"
"FBS","Bilans Alimentaires (2010-)","422","Liban","511","Population totale","F2501","Population","2010","2010","1000 personnes","4953","X","Ciffre de sources internationales"
"FBS","Bilans Alimentaires (2010-)","422","Liban","511","Population totale","F2501","Population","2018","2018","1000 personnes","6859","X","Ciffre de sources internationales"
"FBS","Bilans Alimentaires (2010-)","430","Libéria","511","Population totale","F2501","Population","2010","2010","1000 personnes","3891","X","Ciffre de sources internationales"
"FBS","Bilans Alimentaires (2010-)","430","Libéria","511","Population totale","F2501","Population","2018","2018","1000 personnes","4819","X","Ciffre de sources internationales"
"FBS","Bilans Alimentaires (2010-)","434","Libye","511","Population totale","F2501","Population","2010","2010","1000 personnes","6198","X","Ciffre de sources internationales"
"FBS","Bilans Alimentaires (2010-)","434","Libye","511","Population totale","F2501","Population","2018","2018","1000 personnes","6679","X","Ciffre de sources internationales"
"FBS","Bilans Alimentaires (2010-)","440","Lituanie","511","Population totale","F2501","Population","2010","2010","1000 personnes","3068","X","Ciffre de sources internationales"
"FBS","Bilans Alimentaires (2010-)","440","Lituanie","511","Population totale","F2501","Population","2018","2018","1000 personnes","2801","X","Ciffre de sources internationales"
"FBS","Bilans Alimentaires (2010-)","442","Luxembourg","511","Population totale","F2501","Population","2010","2010","1000 personnes","508","X","Ciffre de sources internationales"
"FBS","Bilans Alimentaires (2010-)","442","Luxembourg","511","Population totale","F2501","Population","2018","2018","1000 personnes","604","X","Ciffre de sources internationales"
"FBS","Bilans Alimentaires (2010-)","807","Macédoine du Nord","511","Population totale","F2501","Population","2010","2010","1000 personnes","2102","X","Ciffre de sources internationales"
"FBS","Bilans Alimentaires (2010-)","807","Macédoine du Nord","511","Population totale","F2501","Population","2018","2018","1000 personnes","2083","X","Ciffre de sources internationales"
"FBS","Bilans Alimentaires (2010-)","450","Madagascar","511","Population totale","F2501","Population","2010","2010","1000 personnes","21152","X","Ciffre de sources internationales"
"FBS","Bilans Alimentaires (2010-)","450","Madagascar","511","Population totale","F2501","Population","2018","2018","1000 personnes","26262","X","Ciffre de sources internationales"
"FBS","Bilans Alimentaires (2010-)","458","Malaisie","511","Population totale","F2501","Population","2010","2010","1000 personnes","28208","X","Ciffre de sources internationales"
"FBS","Bilans Alimentaires (2010-)","458","Malaisie","511","Population totale","F2501","Population","2018","2018","1000 personnes","31528","X","Ciffre de sources internationales"
"FBS","Bilans Alimentaires (2010-)","454","Malawi","511","Population totale","F2501","Population","2010","2010","1000 personnes","14540","X","Ciffre de sources internationales"
"FBS","Bilans Alimentaires (2010-)","454","Malawi","511","Population totale","F2501","Population","2018","2018","1000 personnes","18143","X","Ciffre de sources internationales"
"FBS","Bilans Alimentaires (2010-)","462","Maldives","511","Population totale","F2501","Population","2010","2010","1000 personnes","366","X","Ciffre de sources internationales"
"FBS","Bilans Alimentaires (2010-)","462","Maldives","511","Population totale","F2501","Population","2018","2018","1000 personnes","516","X","Ciffre de sources internationales"
"FBS","Bilans Alimentaires (2010-)","466","Mali","511","Population totale","F2501","Population","2010","2010","1000 personnes","15049","X","Ciffre de sources internationales"
"FBS","Bilans Alimentaires (2010-)","466","Mali","511","Population totale","F2501","Population","2018","2018","1000 personnes","19078","X","Ciffre de sources internationales"
"FBS","Bilans Alimentaires (2010-)","470","Malte","511","Population totale","F2501","Population","2010","2010","1000 personnes","425","X","Ciffre de sources internationales"
"FBS","Bilans Alimentaires (2010-)","470","Malte","511","Population totale","F2501","Population","2018","2018","1000 personnes","439","X","Ciffre de sources internationales"
"FBS","Bilans Alimentaires (2010-)","504","Maroc","511","Population totale","F2501","Population","2010","2010","1000 personnes","32343","X","Ciffre de sources internationales"
"FBS","Bilans Alimentaires (2010-)","504","Maroc","511","Population totale","F2501","Population","2018","2018","1000 personnes","36029","X","Ciffre de sources internationales"
"FBS","Bilans Alimentaires (2010-)","480","Maurice","511","Population totale","F2501","Population","2010","2010","1000 personnes","1248","X","Ciffre de sources internationales"
"FBS","Bilans Alimentaires (2010-)","480","Maurice","511","Population totale","F2501","Population","2018","2018","1000 personnes","1267","X","Ciffre de sources internationales"
"FBS","Bilans Alimentaires (2010-)","478","Mauritanie","511","Population totale","F2501","Population","2010","2010","1000 personnes","3494","X","Ciffre de sources internationales"
"FBS","Bilans Alimentaires (2010-)","478","Mauritanie","511","Population totale","F2501","Population","2018","2018","1000 personnes","4403","X","Ciffre de sources internationales"
"FBS","Bilans Alimentaires (2010-)","484","Mexique","511","Population totale","F2501","Population","2010","2010","1000 personnes","114093","X","Ciffre de sources internationales"
"FBS","Bilans Alimentaires (2010-)","484","Mexique","511","Population totale","F2501","Population","2018","2018","1000 personnes","126191","X","Ciffre de sources internationales"
"FBS","Bilans Alimentaires (2010-)","496","Mongolie","511","Population totale","F2501","Population","2010","2010","1000 personnes","2720","X","Ciffre de sources internationales"
"FBS","Bilans Alimentaires (2010-)","496","Mongolie","511","Population totale","F2501","Population","2018","2018","1000 personnes","3170","X","Ciffre de sources internationales"
"FBS","Bilans Alimentaires (2010-)","499","Monténégro","511","Population totale","F2501","Population","2010","2010","1000 personnes","624","X","Ciffre de sources internationales"
"FBS","Bilans Alimentaires (2010-)","499","Monténégro","511","Population totale","F2501","Population","2018","2018","1000 personnes","628","X","Ciffre de sources internationales"
"FBS","Bilans Alimentaires (2010-)","508","Mozambique","511","Population totale","F2501","Population","2010","2010","1000 personnes","23532","X","Ciffre de sources internationales"
"FBS","Bilans Alimentaires (2010-)","508","Mozambique","511","Population totale","F2501","Population","2018","2018","1000 personnes","29496","X","Ciffre de sources internationales"
"FBS","Bilans Alimentaires (2010-)","104","Myanmar","511","Population totale","F2501","Population","2010","2010","1000 personnes","50601","X","Ciffre de sources internationales"
"FBS","Bilans Alimentaires (2010-)","104","Myanmar","511","Population totale","F2501","Population","2018","2018","1000 personnes","53708","X","Ciffre de sources internationales"
"FBS","Bilans Alimentaires (2010-)","516","Namibie","511","Population totale","F2501","Population","2010","2010","1000 personnes","2119","X","Ciffre de sources internationales"
"FBS","Bilans Alimentaires (2010-)","516","Namibie","511","Population totale","F2501","Population","2018","2018","1000 personnes","2448","X","Ciffre de sources internationales"
"FBS","Bilans Alimentaires (2010-)","524","Népal","511","Population totale","F2501","Population","2010","2010","1000 personnes","27013","X","Ciffre de sources internationales"
"FBS","Bilans Alimentaires (2010-)","524","Népal","511","Population totale","F2501","Population","2018","2018","1000 personnes","28096","X","Ciffre de sources internationales"
"FBS","Bilans Alimentaires (2010-)","558","Nicaragua","511","Population totale","F2501","Population","2010","2010","1000 personnes","5824","X","Ciffre de sources internationales"
"FBS","Bilans Alimentaires (2010-)","558","Nicaragua","511","Population totale","F2501","Population","2018","2018","1000 personnes","6466","X","Ciffre de sources internationales"
"FBS","Bilans Alimentaires (2010-)","562","Niger","511","Population totale","F2501","Population","2010","2010","1000 personnes","16464","X","Ciffre de sources internationales"
"FBS","Bilans Alimentaires (2010-)","562","Niger","511","Population totale","F2501","Population","2018","2018","1000 personnes","22443","X","Ciffre de sources internationales"
"FBS","Bilans Alimentaires (2010-)","566","Nigéria","511","Population totale","F2501","Population","2010","2010","1000 personnes","158503","X","Ciffre de sources internationales"
"FBS","Bilans Alimentaires (2010-)","566","Nigéria","511","Population totale","F2501","Population","2018","2018","1000 personnes","195875","X","Ciffre de sources internationales"
"FBS","Bilans Alimentaires (2010-)","578","Norvège","511","Population totale","F2501","Population","2010","2010","1000 personnes","4886","X","Ciffre de sources internationales"
"FBS","Bilans Alimentaires (2010-)","578","Norvège","511","Population totale","F2501","Population","2018","2018","1000 personnes","5338","X","Ciffre de sources internationales"
"FBS","Bilans Alimentaires (2010-)","540","Nouvelle-Calédonie","511","Population totale","F2501","Population","2010","2010","1000 personnes","254","X","Ciffre de sources internationales"
"FBS","Bilans Alimentaires (2010-)","540","Nouvelle-Calédonie","511","Population totale","F2501","Population","2018","2018","1000 personnes","280","X","Ciffre de sources internationales"
"FBS","Bilans Alimentaires (2010-)","554","Nouvelle-Zélande","511","Population totale","F2501","Population","2010","2010","1000 personnes","4370","X","Ciffre de sources internationales"
"FBS","Bilans Alimentaires (2010-)","554","Nouvelle-Zélande","511","Population totale","F2501","Population","2018","2018","1000 personnes","4743","X","Ciffre de sources internationales"
"FBS","Bilans Alimentaires (2010-)","512","Oman","511","Population totale","F2501","Population","2010","2010","1000 personnes","3041","X","Ciffre de sources internationales"
"FBS","Bilans Alimentaires (2010-)","512","Oman","511","Population totale","F2501","Population","2018","2018","1000 personnes","4829","X","Ciffre de sources internationales"
"FBS","Bilans Alimentaires (2010-)","800","Ouganda","511","Population totale","F2501","Population","2010","2010","1000 personnes","32428","X","Ciffre de sources internationales"
"FBS","Bilans Alimentaires (2010-)","800","Ouganda","511","Population totale","F2501","Population","2018","2018","1000 personnes","42729","X","Ciffre de sources internationales"
"FBS","Bilans Alimentaires (2010-)","860","Ouzbékistan","511","Population totale","F2501","Population","2010","2010","1000 personnes","28516","X","Ciffre de sources internationales"
"FBS","Bilans Alimentaires (2010-)","860","Ouzbékistan","511","Population totale","F2501","Population","2018","2018","1000 personnes","32476","X","Ciffre de sources internationales"
"FBS","Bilans Alimentaires (2010-)","586","Pakistan","511","Population totale","F2501","Population","2010","2010","1000 personnes","179425","X","Ciffre de sources internationales"
"FBS","Bilans Alimentaires (2010-)","586","Pakistan","511","Population totale","F2501","Population","2018","2018","1000 personnes","212228","X","Ciffre de sources internationales"
"FBS","Bilans Alimentaires (2010-)","591","Panama","511","Population totale","F2501","Population","2010","2010","1000 personnes","3643","X","Ciffre de sources internationales"
"FBS","Bilans Alimentaires (2010-)","591","Panama","511","Population totale","F2501","Population","2018","2018","1000 personnes","4177","X","Ciffre de sources internationales"
"FBS","Bilans Alimentaires (2010-)","598","Papouasie-Nouvelle-Guinée","511","Population totale","F2501","Population","2010","2010","1000 personnes","7311","X","Ciffre de sources internationales"
"FBS","Bilans Alimentaires (2010-)","598","Papouasie-Nouvelle-Guinée","511","Population totale","F2501","Population","2018","2018","1000 personnes","8606","X","Ciffre de sources internationales"
"FBS","Bilans Alimentaires (2010-)","600","Paraguay","511","Population totale","F2501","Population","2010","2010","1000 personnes","6248","X","Ciffre de sources internationales"
"FBS","Bilans Alimentaires (2010-)","600","Paraguay","511","Population totale","F2501","Population","2018","2018","1000 personnes","6956","X","Ciffre de sources internationales"
"FBS","Bilans Alimentaires (2010-)","604","Pérou","511","Population totale","F2501","Population","2010","2010","1000 personnes","29028","X","Ciffre de sources internationales"
"FBS","Bilans Alimentaires (2010-)","604","Pérou","511","Population totale","F2501","Population","2018","2018","1000 personnes","31989","X","Ciffre de sources internationales"
"FBS","Bilans Alimentaires (2010-)","608","Philippines","511","Population totale","F2501","Population","2010","2010","1000 personnes","93967","X","Ciffre de sources internationales"
"FBS","Bilans Alimentaires (2010-)","608","Philippines","511","Population totale","F2501","Population","2018","2018","1000 personnes","106651","X","Ciffre de sources internationales"
"FBS","Bilans Alimentaires (2010-)","616","Pologne","511","Population totale","F2501","Population","2010","2010","1000 personnes","38330","X","Ciffre de sources internationales"
"FBS","Bilans Alimentaires (2010-)","616","Pologne","511","Population totale","F2501","Population","2018","2018","1000 personnes","37922","X","Ciffre de sources internationales"
"FBS","Bilans Alimentaires (2010-)","258","Polynésie française","511","Population totale","F2501","Population","2010","2010","1000 personnes","266","X","Ciffre de sources internationales"
"FBS","Bilans Alimentaires (2010-)","258","Polynésie française","511","Population totale","F2501","Population","2018","2018","1000 personnes","278","X","Ciffre de sources internationales"
"FBS","Bilans Alimentaires (2010-)","620","Portugal","511","Population totale","F2501","Population","2010","2010","1000 personnes","10596","X","Ciffre de sources internationales"
"FBS","Bilans Alimentaires (2010-)","620","Portugal","511","Population totale","F2501","Population","2018","2018","1000 personnes","10256","X","Ciffre de sources internationales"
"FBS","Bilans Alimentaires (2010-)","760","République arabe syrienne","511","Population totale","F2501","Population","2010","2010","1000 personnes","21363","X","Ciffre de sources internationales"
"FBS","Bilans Alimentaires (2010-)","760","République arabe syrienne","511","Population totale","F2501","Population","2018","2018","1000 personnes","16945","X","Ciffre de sources internationales"
"FBS","Bilans Alimentaires (2010-)","140","République centrafricaine","511","Population totale","F2501","Population","2010","2010","1000 personnes","4387","X","Ciffre de sources internationales"
"FBS","Bilans Alimentaires (2010-)","140","République centrafricaine","511","Population totale","F2501","Population","2018","2018","1000 personnes","4666","X","Ciffre de sources internationales"
"FBS","Bilans Alimentaires (2010-)","410","République de Corée","511","Population totale","F2501","Population","2010","2010","1000 personnes","49546","X","Ciffre de sources internationales"
"FBS","Bilans Alimentaires (2010-)","410","République de Corée","511","Population totale","F2501","Population","2018","2018","1000 personnes","51172","X","Ciffre de sources internationales"
"FBS","Bilans Alimentaires (2010-)","498","République de Moldova","511","Population totale","F2501","Population","2010","2010","1000 personnes","4086","X","Ciffre de sources internationales"
"FBS","Bilans Alimentaires (2010-)","498","République de Moldova","511","Population totale","F2501","Population","2018","2018","1000 personnes","4052","X","Ciffre de sources internationales"
"FBS","Bilans Alimentaires (2010-)","180","République démocratique du Congo","511","Population totale","F2501","Population","2010","2010","1000 personnes","64563.85","X","Ciffre de sources internationales"
"FBS","Bilans Alimentaires (2010-)","180","République démocratique du Congo","511","Population totale","F2501","Population","2018","2018","1000 personnes","84068.09","X","Ciffre de sources internationales"
"FBS","Bilans Alimentaires (2010-)","418","République démocratique populaire lao","511","Population totale","F2501","Population","2010","2010","1000 personnes","6249","X","Ciffre de sources internationales"
"FBS","Bilans Alimentaires (2010-)","418","République démocratique populaire lao","511","Population totale","F2501","Population","2018","2018","1000 personnes","7062","X","Ciffre de sources internationales"
"FBS","Bilans Alimentaires (2010-)","214","République dominicaine","511","Population totale","F2501","Population","2010","2010","1000 personnes","9695","X","Ciffre de sources internationales"
"FBS","Bilans Alimentaires (2010-)","214","République dominicaine","511","Population totale","F2501","Population","2018","2018","1000 personnes","10627","X","Ciffre de sources internationales"
"FBS","Bilans Alimentaires (2010-)","408","République populaire démocratique de Corée","511","Population totale","F2501","Population","2010","2010","1000 personnes","24549","X","Ciffre de sources internationales"
"FBS","Bilans Alimentaires (2010-)","408","République populaire démocratique de Corée","511","Population totale","F2501","Population","2018","2018","1000 personnes","25550","X","Ciffre de sources internationales"
"FBS","Bilans Alimentaires (2010-)","834","République-Unie de Tanzanie","511","Population totale","F2501","Population","2010","2010","1000 personnes","44347","X","Ciffre de sources internationales"
"FBS","Bilans Alimentaires (2010-)","834","République-Unie de Tanzanie","511","Population totale","F2501","Population","2018","2018","1000 personnes","56313","X","Ciffre de sources internationales"
"FBS","Bilans Alimentaires (2010-)","642","Roumanie","511","Population totale","F2501","Population","2010","2010","1000 personnes","21861","X","Ciffre de sources internationales"
"FBS","Bilans Alimentaires (2010-)","642","Roumanie","511","Population totale","F2501","Population","2018","2018","1000 personnes","19506","X","Ciffre de sources internationales"
"FBS","Bilans Alimentaires (2010-)","826","Royaume-Uni de Grande-Bretagne et d'Irlande du Nord","511","Population totale","F2501","Population","2010","2010","1000 personnes","62310","X","Ciffre de sources internationales"
"FBS","Bilans Alimentaires (2010-)","826","Royaume-Uni de Grande-Bretagne et d'Irlande du Nord","511","Population totale","F2501","Population","2018","2018","1000 personnes","67142","X","Ciffre de sources internationales"
"FBS","Bilans Alimentaires (2010-)","646","Rwanda","511","Population totale","F2501","Population","2010","2010","1000 personnes","10039","X","Ciffre de sources internationales"
"FBS","Bilans Alimentaires (2010-)","646","Rwanda","511","Population totale","F2501","Population","2018","2018","1000 personnes","12302","X","Ciffre de sources internationales"
"FBS","Bilans Alimentaires (2010-)","662","Sainte-Lucie","511","Population totale","F2501","Population","2010","2010","1000 personnes","174","X","Ciffre de sources internationales"
"FBS","Bilans Alimentaires (2010-)","662","Sainte-Lucie","511","Population totale","F2501","Population","2018","2018","1000 personnes","182","X","Ciffre de sources internationales"
"FBS","Bilans Alimentaires (2010-)","659","Saint-Kitts-et-Nevis","511","Population totale","F2501","Population","2010","2010","1000 personnes","49","X","Ciffre de sources internationales"
"FBS","Bilans Alimentaires (2010-)","659","Saint-Kitts-et-Nevis","511","Population totale","F2501","Population","2018","2018","1000 personnes","52","X","Ciffre de sources internationales"
"FBS","Bilans Alimentaires (2010-)","670","Saint-Vincent-et-les Grenadines","511","Population totale","F2501","Population","2010","2010","1000 personnes","108","X","Ciffre de sources internationales"
"FBS","Bilans Alimentaires (2010-)","670","Saint-Vincent-et-les Grenadines","511","Population totale","F2501","Population","2018","2018","1000 personnes","110","X","Ciffre de sources internationales"
"FBS","Bilans Alimentaires (2010-)","882","Samoa","511","Population totale","F2501","Population","2010","2010","1000 personnes","186","X","Ciffre de sources internationales"
"FBS","Bilans Alimentaires (2010-)","882","Samoa","511","Population totale","F2501","Population","2018","2018","1000 personnes","196","X","Ciffre de sources internationales"
"FBS","Bilans Alimentaires (2010-)","678","Sao Tomé-et-Principe","511","Population totale","F2501","Population","2010","2010","1000 personnes","180","X","Ciffre de sources internationales"
"FBS","Bilans Alimentaires (2010-)","678","Sao Tomé-et-Principe","511","Population totale","F2501","Population","2018","2018","1000 personnes","211","X","Ciffre de sources internationales"
"FBS","Bilans Alimentaires (2010-)","686","Sénégal","511","Population totale","F2501","Population","2010","2010","1000 personnes","12678","X","Ciffre de sources internationales"
"FBS","Bilans Alimentaires (2010-)","686","Sénégal","511","Population totale","F2501","Population","2018","2018","1000 personnes","15854","X","Ciffre de sources internationales"
"FBS","Bilans Alimentaires (2010-)","688","Serbie","511","Population totale","F2501","Population","2010","2010","1000 personnes","9647","X","Ciffre de sources internationales"
"FBS","Bilans Alimentaires (2010-)","688","Serbie","511","Population totale","F2501","Population","2018","2018","1000 personnes","8803","X","Ciffre de sources internationales"
"FBS","Bilans Alimentaires (2010-)","690","Seychelles","511","Population totale","F2501","Population","2010","2010","1000 personnes","91","X","Ciffre de sources internationales"
"FBS","Bilans Alimentaires (2010-)","690","Seychelles","511","Population totale","F2501","Population","2018","2018","1000 personnes","97","X","Ciffre de sources internationales"
"FBS","Bilans Alimentaires (2010-)","694","Sierra Leone","511","Population totale","F2501","Population","2010","2010","1000 personnes","6416","X","Ciffre de sources internationales"
"FBS","Bilans Alimentaires (2010-)","694","Sierra Leone","511","Population totale","F2501","Population","2018","2018","1000 personnes","7650","X","Ciffre de sources internationales"
"FBS","Bilans Alimentaires (2010-)","703","Slovaquie","511","Population totale","F2501","Population","2010","2010","1000 personnes","5404","X","Ciffre de sources internationales"
"FBS","Bilans Alimentaires (2010-)","703","Slovaquie","511","Population totale","F2501","Population","2018","2018","1000 personnes","5453","X","Ciffre de sources internationales"
"FBS","Bilans Alimentaires (2010-)","705","Slovénie","511","Population totale","F2501","Population","2010","2010","1000 personnes","2054","X","Ciffre de sources internationales"
"FBS","Bilans Alimentaires (2010-)","705","Slovénie","511","Population totale","F2501","Population","2018","2018","1000 personnes","2078","X","Ciffre de sources internationales"
"FBS","Bilans Alimentaires (2010-)","729","Soudan","511","Population totale","F2501","Population","2018","2018","1000 personnes","41802","X","Ciffre de sources internationales"
"FBS","Bilans Alimentaires (2010-)","144","Sri Lanka","511","Population totale","F2501","Population","2010","2010","1000 personnes","20262","X","Ciffre de sources internationales"
"FBS","Bilans Alimentaires (2010-)","144","Sri Lanka","511","Population totale","F2501","Population","2018","2018","1000 personnes","21229","X","Ciffre de sources internationales"
"FBS","Bilans Alimentaires (2010-)","752","Suède","511","Population totale","F2501","Population","2010","2010","1000 personnes","9382","X","Ciffre de sources internationales"
"FBS","Bilans Alimentaires (2010-)","752","Suède","511","Population totale","F2501","Population","2018","2018","1000 personnes","9972","X","Ciffre de sources internationales"
"FBS","Bilans Alimentaires (2010-)","756","Suisse","511","Population totale","F2501","Population","2010","2010","1000 personnes","7831","X","Ciffre de sources internationales"
"FBS","Bilans Alimentaires (2010-)","756","Suisse","511","Population totale","F2501","Population","2018","2018","1000 personnes","8526","X","Ciffre de sources internationales"
"FBS","Bilans Alimentaires (2010-)","740","Suriname","511","Population totale","F2501","Population","2010","2010","1000 personnes","529","X","Ciffre de sources internationales"
"FBS","Bilans Alimentaires (2010-)","740","Suriname","511","Population totale","F2501","Population","2018","2018","1000 personnes","576","X","Ciffre de sources internationales"
"FBS","Bilans Alimentaires (2010-)","762","Tadjikistan","511","Population totale","F2501","Population","2010","2010","1000 personnes","7527","X","Ciffre de sources internationales"
"FBS","Bilans Alimentaires (2010-)","762","Tadjikistan","511","Population totale","F2501","Population","2018","2018","1000 personnes","9100.83","X","Ciffre de sources internationales"
"FBS","Bilans Alimentaires (2010-)","148","Tchad","511","Population totale","F2501","Population","2010","2010","1000 personnes","11952","X","Ciffre de sources internationales"
"FBS","Bilans Alimentaires (2010-)","148","Tchad","511","Population totale","F2501","Population","2018","2018","1000 personnes","15478","X","Ciffre de sources internationales"
"FBS","Bilans Alimentaires (2010-)","203","Tchéquie","511","Population totale","F2501","Population","2010","2010","1000 personnes","10554","X","Ciffre de sources internationales"
"FBS","Bilans Alimentaires (2010-)","203","Tchéquie","511","Population totale","F2501","Population","2018","2018","1000 personnes","10666","X","Ciffre de sources internationales"
"FBS","Bilans Alimentaires (2010-)","764","Thaïlande","511","Population totale","F2501","Population","2010","2010","1000 personnes","67195","X","Ciffre de sources internationales"
"FBS","Bilans Alimentaires (2010-)","764","Thaïlande","511","Population totale","F2501","Population","2018","2018","1000 personnes","69428","X","Ciffre de sources internationales"
"FBS","Bilans Alimentaires (2010-)","626","Timor-Leste","511","Population totale","F2501","Population","2010","2010","1000 personnes","1094","X","Ciffre de sources internationales"
"FBS","Bilans Alimentaires (2010-)","626","Timor-Leste","511","Population totale","F2501","Population","2018","2018","1000 personnes","1268","X","Ciffre de sources internationales"
"FBS","Bilans Alimentaires (2010-)","768","Togo","511","Population totale","F2501","Population","2010","2010","1000 personnes","6422","X","Ciffre de sources internationales"
"FBS","Bilans Alimentaires (2010-)","768","Togo","511","Population totale","F2501","Population","2018","2018","1000 personnes","7889","X","Ciffre de sources internationales"
"FBS","Bilans Alimentaires (2010-)","780","Trinité-et-Tobago","511","Population totale","F2501","Population","2010","2010","1000 personnes","1328","X","Ciffre de sources internationales"
"FBS","Bilans Alimentaires (2010-)","780","Trinité-et-Tobago","511","Population totale","F2501","Population","2018","2018","1000 personnes","1390","X","Ciffre de sources internationales"
"FBS","Bilans Alimentaires (2010-)","788","Tunisie","511","Population totale","F2501","Population","2010","2010","1000 personnes","10635","X","Ciffre de sources internationales"
"FBS","Bilans Alimentaires (2010-)","788","Tunisie","511","Population totale","F2501","Population","2018","2018","1000 personnes","11565","X","Ciffre de sources internationales"
"FBS","Bilans Alimentaires (2010-)","795","Turkménistan","511","Population totale","F2501","Population","2010","2010","1000 personnes","5087","X","Ciffre de sources internationales"
"FBS","Bilans Alimentaires (2010-)","795","Turkménistan","511","Population totale","F2501","Population","2018","2018","1000 personnes","5851","X","Ciffre de sources internationales"
"FBS","Bilans Alimentaires (2010-)","792","Turquie","511","Population totale","F2501","Population","2010","2010","1000 personnes","72327","X","Ciffre de sources internationales"
"FBS","Bilans Alimentaires (2010-)","792","Turquie","511","Population totale","F2501","Population","2018","2018","1000 personnes","82340","X","Ciffre de sources internationales"
"FBS","Bilans Alimentaires (2010-)","804","Ukraine","511","Population totale","F2501","Population","2010","2010","1000 personnes","45792","X","Ciffre de sources internationales"
"FBS","Bilans Alimentaires (2010-)","804","Ukraine","511","Population totale","F2501","Population","2018","2018","1000 personnes","44246","X","Ciffre de sources internationales"
"FBS","Bilans Alimentaires (2010-)","858","Uruguay","511","Population totale","F2501","Population","2010","2010","1000 personnes","3359","X","Ciffre de sources internationales"
"FBS","Bilans Alimentaires (2010-)","858","Uruguay","511","Population totale","F2501","Population","2018","2018","1000 personnes","3449","X","Ciffre de sources internationales"
"FBS","Bilans Alimentaires (2010-)","548","Vanuatu","511","Population totale","F2501","Population","2010","2010","1000 personnes","236","X","Ciffre de sources internationales"
"FBS","Bilans Alimentaires (2010-)","548","Vanuatu","511","Population totale","F2501","Population","2018","2018","1000 personnes","292.68","X","Ciffre de sources internationales"
"FBS","Bilans Alimentaires (2010-)","862","Venezuela (République bolivarienne du)","511","Population totale","F2501","Population","2010","2010","1000 personnes","28440","X","Ciffre de sources internationales"
"FBS","Bilans Alimentaires (2010-)","862","Venezuela (République bolivarienne du)","511","Population totale","F2501","Population","2018","2018","1000 personnes","28887","X","Ciffre de sources internationales"
"FBS","Bilans Alimentaires (2010-)","704","Viet Nam","511","Population totale","F2501","Population","2010","2010","1000 personnes","87968","X","Ciffre de sources internationales"
"FBS","Bilans Alimentaires (2010-)","704","Viet Nam","511","Population totale","F2501","Population","2018","2018","1000 personnes","95546","X","Ciffre de sources internationales"
"FBS","Bilans Alimentaires (2010-)","887","Yémen","511","Population totale","F2501","Population","2010","2010","1000 personnes","23155","X","Ciffre de sources internationales"
"FBS","Bilans Alimentaires (2010-)","887","Yémen","511","Population totale","F2501","Population","2018","2018","1000 personnes","28499","X","Ciffre de sources internationales"
"FBS","Bilans Alimentaires (2010-)","894","Zambie","511","Population totale","F2501","Population","2010","2010","1000 personnes","13606","X","Ciffre de sources internationales"
"FBS","Bilans Alimentaires (2010-)","894","Zambie","511","Population totale","F2501","Population","2018","2018","1000 personnes","17352","X","Ciffre de sources internationales"
"FBS","Bilans Alimentaires (2010-)","716","Zimbabwe","511","Population totale","F2501","Population","2010","2010","1000 personnes","12697.72","X","Ciffre de sources internationales"
"FBS","Bilans Alimentaires (2010-)","716","Zimbabwe","511","Population totale","F2501","Population","2018","2018","1000 personnes","14438.8","X","Ciffre de sources internationales"
